Name,Province,Price,Check_in_date,Check_out_date,Score,Stars,Address,Reviews,Overall,Link
Villa 9 Kim Ngân - Bida - Karaoke - Đi Bộ Ra Biển,BRVT,10000000,"Mon, Oct 13","Tue, Oct 14",9,5,Vung Tau,8,Wonderful,https://www.booking.com/hotel/vn/villa-9-kim-ngan-di-bo-ra-bien.html?label=gen173nr-10CAEoggI46AdIM1gEaPQBiAEBmAEzuAEXyAEM2AED6AEB-AEBiAIBqAIBuAKDhP_GBsACAdICJGQyODY0ZWNjLTZmM2YtNDdlNS04YTg0LWRjMzQ0OTYzYTNmMtgCAeACAQ&aid=304142&ucfs=1&arphpl=1&checkin=2025-10-13&checkout=2025-10-14&dest_id=6233&dest_type=region&group_adults=2&req_adults=2&no_rooms=1&group_children=0&req_children=0&hpos=8&hapos=98&sr_order=popularity&srpvid=6e7b584748dc0389&srepoch=1759494830&all_sr_blocks=1221002901_394246174_20_2_0&highlighted_blocks=1221002901_394246174_20_2_0&matching_block_id=1221002901_394246174_20_2_0&sr_pri_blocks=1221002901_394246174_20_2_0__500000000&from=searchresults
Villages Siêu VIP View Trực Diện Biển TRẦN PHÚ,BRVT,13770000,"Mon, Oct 13","Tue, Oct 14",8.329636574,0,Vung Tau,3,Very good,https://www.booking.com/hotel/vn/villages-sieu-vip-view-truc-dien-bien-tran-phu.html?label=gen173nr-10CAEoggI46AdIM1gEaPQBiAEBmAEzuAEXyAEM2AED6AEB-AEBiAIBqAIBuAKDhP_GBsACAdICJGQyODY0ZWNjLTZmM2YtNDdlNS04YTg0LWRjMzQ0OTYzYTNmMtgCAeACAQ&aid=304142&ucfs=1&arphpl=1&checkin=2025-10-13&checkout=2025-10-14&dest_id=6233&dest_type=region&group_adults=2&req_adults=2&no_rooms=1&group_children=0&req_children=0&hpos=10&hapos=100&sr_order=popularity&srpvid=6e7b584748dc0389&srepoch=1759494830&all_sr_blocks=1489848201_420644475_21_0_0&highlighted_blocks=1489848201_420644475_21_0_0&matching_block_id=1489848201_420644475_21_0_0&sr_pri_blocks=1489848201_420644475_21_0_0__1115370000&from=searchresults
Villa Candle In The Wind - Gần Bãi Sau Vũng Tàu,BRVT,12000000,"Mon, Oct 20","Tue, Oct 21",9.300000191,5,Vung Tau,7,Wonderful,https://www.booking.com/hotel/vn/villa-candle-in-the-wind-gan-bai-sau-vung-tau.html?label=gen173nr-10CAEoggI46AdIM1gEaPQBiAEBmAEzuAEXyAEM2AED6AEB-AEBiAIBqAIBuAKDhP_GBsACAdICJGQyODY0ZWNjLTZmM2YtNDdlNS04YTg0LWRjMzQ0OTYzYTNmMtgCAeACAQ&aid=304142&ucfs=1&arphpl=1&checkin=2025-10-20&checkout=2025-10-21&dest_id=6233&dest_type=region&group_adults=2&req_adults=2&no_rooms=1&group_children=0&req_children=0&hpos=17&hapos=281&sr_order=popularity&srpvid=6e7b584748dc0389&srepoch=1759494904&all_sr_blocks=1343436001_406773196_15_1_0_772963&highlighted_blocks=1343436001_406773196_15_1_0_772963&matching_block_id=1343436001_406773196_15_1_0_772963&sr_pri_blocks=1343436001_406773196_15_1_0_772963_600000000&from=searchresults
Đàn Villa Hồ Bơi Vũng Tàu Gần Biển Bãi Sau Thùy Vân,BRVT,16000000,"Mon, Nov 17","Tue, Nov 18",8.399999619,4,Vung Tau,20,Very good,https://www.booking.com/hotel/vn/guitar-villa-resort-mini.html?label=gen173nr-10CAEoggI46AdIM1gEaPQBiAEBmAEzuAEXyAEM2AED6AEB-AEBiAIBqAIBuAKDhP_GBsACAdICJGQyODY0ZWNjLTZmM2YtNDdlNS04YTg0LWRjMzQ0OTYzYTNmMtgCAeACAQ&aid=304142&ucfs=1&arphpl=1&checkin=2025-11-17&checkout=2025-11-18&dest_id=6233&dest_type=region&group_adults=2&req_adults=2&no_rooms=1&group_children=0&req_children=0&hpos=10&hapos=418&sr_order=popularity&srpvid=6e7b584748dc0389&srepoch=1759494966&all_sr_blocks=1447861101_420769255_13_1_0&highlighted_blocks=1447861101_420769255_13_1_0&matching_block_id=1447861101_420769255_13_1_0&sr_pri_blocks=1447861101_420769255_13_1_0__800000000&from=searchresults
Sea Villa 71 Trần Phú - Sát Biển Có Bãi Tắm Riêng,BRVT,16000000,"Mon, Nov 17","Tue, Nov 18",8.329636574,5,Vung Tau,2,Very good,https://www.booking.com/hotel/vn/sea-villa-71-tran-phu-sat-bien-co-bai-tam-rieng.html?label=gen173nr-10CAEoggI46AdIM1gEaPQBiAEBmAEzuAEXyAEM2AED6AEB-AEBiAIBqAIBuAKDhP_GBsACAdICJGQyODY0ZWNjLTZmM2YtNDdlNS04YTg0LWRjMzQ0OTYzYTNmMtgCAeACAQ&aid=304142&ucfs=1&arphpl=1&checkin=2025-11-17&checkout=2025-11-18&dest_id=6233&dest_type=region&group_adults=2&req_adults=2&no_rooms=1&group_children=0&req_children=0&hpos=22&hapos=430&sr_order=popularity&srpvid=6e7b584748dc0389&srepoch=1759494966&all_sr_blocks=952577701_372142661_15_0_0&highlighted_blocks=952577701_372142661_15_0_0&matching_block_id=952577701_372142661_15_0_0&sr_pri_blocks=952577701_372142661_15_0_0__800000000&from=searchresults
Rio Villa 3 - Cách Biển 100 Met - Free Bida - Karaoke - 6 Phòng Ngủ - Gần Biển Đi Bộ,BRVT,10000000,"Mon, Nov 10","Tue, Nov 11",9.199999809,5,Vung Tau,4,Wonderful,https://www.booking.com/hotel/vn/villa-ho-boi-8-phong-ngu-vo-thi-sau.html?label=gen173nr-10CAEoggI46AdIM1gEaPQBiAEBmAEzuAEXyAEM2AED6AEB-AEBiAIBqAIBuAKDhP_GBsACAdICJGQyODY0ZWNjLTZmM2YtNDdlNS04YTg0LWRjMzQ0OTYzYTNmMtgCAeACAQ&aid=304142&ucfs=1&arphpl=1&checkin=2025-11-10&checkout=2025-11-11&dest_id=6233&dest_type=region&group_adults=2&req_adults=2&no_rooms=1&group_children=0&req_children=0&hpos=3&hapos=436&sr_order=popularity&srpvid=6e7b584748dc0389&srepoch=1759494975&all_sr_blocks=1177725001_391467433_15_2_0&highlighted_blocks=1177725001_391467433_15_2_0&matching_block_id=1177725001_391467433_15_2_0&sr_pri_blocks=1177725001_391467433_15_2_0__500000000&from=searchresults
Amy Villa 7 - Bida - Karaoke - Phòng Xông Hơi - Gần Biển Bãi Sau - 6 Phòng Ngủ,BRVT,17000000,"Mon, Oct 13","Tue, Oct 14",9.300000191,5,Vung Tau,4,Wonderful,https://www.booking.com/hotel/vn/amy-villa-7-bida-karaoke-phong-xong-hoi-gan-bien-bai-sau-6-phong-ngu.html?label=gen173nr-10CAEoggI46AdIM1gEaPQBiAEBmAEzuAEXyAEM2AED6AEB-AEBiAIBqAIBuAKDhP_GBsACAdICJGQyODY0ZWNjLTZmM2YtNDdlNS04YTg0LWRjMzQ0OTYzYTNmMtgCAeACAQ&aid=304142&ucfs=1&arphpl=1&checkin=2025-10-13&checkout=2025-10-14&dest_id=6233&dest_type=region&group_adults=2&req_adults=2&no_rooms=1&group_children=0&req_children=0&hpos=8&hapos=469&sr_order=popularity&srpvid=6e7b584748dc0389&srepoch=1759494994&all_sr_blocks=1224057501_394557086_20_2_0&highlighted_blocks=1224057501_394557086_20_2_0&matching_block_id=1224057501_394557086_20_2_0&sr_pri_blocks=1224057501_394557086_20_2_0__850000000&from=searchresults
B2.20 Hoàng Sơn,BRVT,19000000,"Mon, Nov 3","Tue, Nov 4",8.329636574,5,Vung Tau,79,Very good,https://www.booking.com/hotel/vn/b2-20-hoang-son.html?label=gen173nr-10CAEoggI46AdIM1gEaPQBiAEBmAEzuAEXyAEM2AED6AEB-AEBiAIBqAIBuAKDhP_GBsACAdICJGQyODY0ZWNjLTZmM2YtNDdlNS04YTg0LWRjMzQ0OTYzYTNmMtgCAeACAQ&aid=304142&ucfs=1&arphpl=1&checkin=2025-11-03&checkout=2025-11-04&dest_id=6233&dest_type=region&group_adults=2&req_adults=2&no_rooms=1&group_children=0&req_children=0&hpos=9&hapos=483&sr_order=popularity&srpvid=6e7b584748dc0389&srepoch=1759495003&all_sr_blocks=1151564901_387954999_20_0_0&highlighted_blocks=1151564901_387954999_20_0_0&matching_block_id=1151564901_387954999_20_0_0&sr_pri_blocks=1151564901_387954999_20_0_0__1900000000&from=searchresults
Six Senses Con Dao - Turtle Island Paradise,BRVT,25729511,"Mon, Nov 3","Tue, Nov 4",9.899999619,5,Con Dao,44,Exceptional,https://www.booking.com/hotel/vn/six-senses-condao.html?label=gen173nr-10CAEoggI46AdIM1gEaPQBiAEBmAEzuAEXyAEM2AED6AEB-AEBiAIBqAIBuAKDhP_GBsACAdICJGQyODY0ZWNjLTZmM2YtNDdlNS04YTg0LWRjMzQ0OTYzYTNmMtgCAeACAQ&aid=304142&ucfs=1&arphpl=1&checkin=2025-11-03&checkout=2025-11-04&dest_id=6233&dest_type=region&group_adults=2&req_adults=2&no_rooms=1&group_children=0&req_children=0&hpos=18&hapos=492&sr_order=popularity&srpvid=6e7b584748dc0389&srepoch=1759495003&all_sr_blocks=27313103_121937090_0_41_0_101084&highlighted_blocks=27313103_121937090_0_41_0_101084&matching_block_id=27313103_121937090_0_41_0_101084&sr_pri_blocks=27313103_121937090_0_41_0_101084_2572951100&from_sustainable_property_sr=1&from=searchresults
OrangeBlue villa near Beach Pool free Vung Tau Vietnam,BRVT,10800000,"Mon, Nov 3","Tue, Nov 4",9.899999619,5,Vung Tau,11,Exceptional,https://www.booking.com/hotel/vn/orangeblue-villa-near-beach-pool-free-vung-tau-vietnam.html?label=gen173nr-10CAEoggI46AdIM1gEaPQBiAEBmAEzuAEXyAEM2AED6AEB-AEBiAIBqAIBuAKDhP_GBsACAdICJGQyODY0ZWNjLTZmM2YtNDdlNS04YTg0LWRjMzQ0OTYzYTNmMtgCAeACAQ&aid=304142&ucfs=1&arphpl=1&checkin=2025-11-03&checkout=2025-11-04&dest_id=6233&dest_type=region&group_adults=2&req_adults=2&no_rooms=1&group_children=0&req_children=0&hpos=12&hapos=511&sr_order=popularity&srpvid=6e7b584748dc0389&srepoch=1759495012&all_sr_blocks=1149713101_387798143_20_0_0&highlighted_blocks=1149713101_387798143_20_0_0&matching_block_id=1149713101_387798143_20_0_0&sr_pri_blocks=1149713101_387798143_20_0_0__1080000000&from=searchresults
Sunhill Căn hộ cao cấp 5 sao - Oasky Vũng Tàu,BRVT,10000000,"Mon, Dec 1","Tue, Dec 2",8.329636574,0,Vung Tau,4,Very good,https://www.booking.com/hotel/vn/sunhill-homestay.html?label=gen173nr-10CAEoggI46AdIM1gEaPQBiAEBmAEzuAEXyAEM2AED6AEB-AEBiAIBqAIBuAKDhP_GBsACAdICJGQyODY0ZWNjLTZmM2YtNDdlNS04YTg0LWRjMzQ0OTYzYTNmMtgCAeACAQ&aid=304142&ucfs=1&arphpl=1&checkin=2025-12-01&checkout=2025-12-02&dest_id=6233&dest_type=region&group_adults=2&req_adults=2&no_rooms=1&group_children=0&req_children=0&hpos=11&hapos=565&sr_order=popularity&srpvid=6e7b584748dc0389&srepoch=1759495049&all_sr_blocks=1332808601_405789358_6_0_0&highlighted_blocks=1332808601_405789358_6_0_0&matching_block_id=1332808601_405789358_6_0_0&sr_pri_blocks=1332808601_405789358_6_0_0__1000000000&from=searchresults
Beachfront Villa 4 Bedrooms Sanctuary Ho Tram Resort,BRVT,12870000,"Mon, Nov 3","Tue, Nov 4",9,5,Thuận Biên,3,Wonderful,https://www.booking.com/hotel/vn/beachfront-villa-sanctuary-ho-tram-vietnam.html?label=gen173nr-10CAEoggI46AdIM1gEaPQBiAEBmAEzuAEXyAEM2AED6AEB-AEBiAIBqAIBuAKDhP_GBsACAdICJGQyODY0ZWNjLTZmM2YtNDdlNS04YTg0LWRjMzQ0OTYzYTNmMtgCAeACAQ&aid=304142&ucfs=1&arphpl=1&checkin=2025-11-03&checkout=2025-11-04&dest_id=6233&dest_type=region&group_adults=2&req_adults=2&no_rooms=1&group_children=0&req_children=0&hpos=24&hapos=712&sr_order=popularity&srpvid=6e7b584748dc0389&srepoch=1759495114&all_sr_blocks=587696301_392923901_9_0_0&highlighted_blocks=587696301_392923901_9_0_0&matching_block_id=587696301_392923901_9_0_0&sr_pri_blocks=587696301_392923901_9_0_0__1029600000&from=searchresults
Cối Xoay Gió Trệt Không Lầu - 5 Phòng Ngủ - Bida - Karaoke Phòng Lạnh - Gần Biển Bãi Sau Vũng Tàu,BRVT,12000000,"Mon, Nov 24","Tue, Nov 25",9.5,5,Vung Tau,6,Exceptional,https://www.booking.com/hotel/vn/coi-xoay-gio-tret-khong-lau-5-phong-ngu-bida-karaoke-phong-lanh-gan-bien-bai-sau.html?label=gen173nr-10CAEoggI46AdIM1gEaPQBiAEBmAEzuAEXyAEM2AED6AEB-AEBiAIBqAIBuAKDhP_GBsACAdICJGQyODY0ZWNjLTZmM2YtNDdlNS04YTg0LWRjMzQ0OTYzYTNmMtgCAeACAQ&aid=304142&ucfs=1&arphpl=1&checkin=2025-11-24&checkout=2025-11-25&dest_id=6233&dest_type=region&group_adults=2&req_adults=2&no_rooms=1&group_children=0&req_children=0&hpos=4&hapos=717&sr_order=popularity&srpvid=6e7b584748dc0389&srepoch=1759495124&all_sr_blocks=1296860601_402601455_20_2_0_764651&highlighted_blocks=1296860601_402601455_20_2_0_764651&matching_block_id=1296860601_402601455_20_2_0_764651&sr_pri_blocks=1296860601_402601455_20_2_0_764651_600000000&from=searchresults
Kim Villa 45 - Cách Bãi Tắm 100 Met - Full Máy Lạnh Các Phòng - Bida - Phòng Karaoke - Siêu Gần Biển,BRVT,10000000,"Mon, Oct 27","Tue, Oct 28",9.199999809,5,Vung Tau,9,Wonderful,https://www.booking.com/hotel/vn/kim-villa-45-cach-bai-tam-100-met-full-may-lanh-cac-phong-bida-phong-karaoke-sie.html?label=gen173nr-10CAEoggI46AdIM1gEaPQBiAEBmAEzuAEXyAEM2AED6AEB-AEBiAIBqAIBuAKDhP_GBsACAdICJGQyODY0ZWNjLTZmM2YtNDdlNS04YTg0LWRjMzQ0OTYzYTNmMtgCAeACAQ&aid=304142&ucfs=1&arphpl=1&checkin=2025-10-27&checkout=2025-10-28&dest_id=6233&dest_type=region&group_adults=2&req_adults=2&no_rooms=1&group_children=0&req_children=0&hpos=14&hapos=750&sr_order=popularity&srpvid=6e7b584748dc0389&srepoch=1759495134&all_sr_blocks=1298841101_402811940_15_2_0_764630&highlighted_blocks=1298841101_402811940_15_2_0_764630&matching_block_id=1298841101_402811940_15_2_0_764630&sr_pri_blocks=1298841101_402811940_15_2_0_764630_500000000&from=searchresults
Vitamin Sea Villa Vũng Tàu,BRVT,30000000,"Mon, Oct 20","Tue, Oct 21",9.399999619,5,Vung Tau,14,Wonderful,https://www.booking.com/hotel/vn/vitamin-sea-villa-52-vts.html?label=gen173nr-10CAEoggI46AdIM1gEaPQBiAEBmAEzuAEXyAEM2AED6AEB-AEBiAIBqAIBuAKDhP_GBsACAdICJGQyODY0ZWNjLTZmM2YtNDdlNS04YTg0LWRjMzQ0OTYzYTNmMtgCAeACAQ&aid=304142&ucfs=1&arphpl=1&checkin=2025-10-20&checkout=2025-10-21&dest_id=6233&dest_type=region&group_adults=2&req_adults=2&no_rooms=1&group_children=0&req_children=0&hpos=3&hapos=763&sr_order=popularity&srpvid=6e7b584748dc0389&srepoch=1759495143&all_sr_blocks=1307527801_403596580_15_2_0_764404&highlighted_blocks=1307527801_403596580_15_2_0_764404&matching_block_id=1307527801_403596580_15_2_0_764404&sr_pri_blocks=1307527801_403596580_15_2_0_764404_1500000000&from=searchresults
Villa Zenna Long Hải - Mimosa 611 View Biển,BRVT,12250000,"Mon, Oct 20","Tue, Oct 21",8.800000191,4,Long Hai,31,Excellent,https://www.booking.com/hotel/vn/zenna-view-bien-mimosa-611.html?label=gen173nr-10CAEoggI46AdIM1gEaPQBiAEBmAEzuAEXyAEM2AED6AEB-AEBiAIBqAIBuAKDhP_GBsACAdICJGQyODY0ZWNjLTZmM2YtNDdlNS04YTg0LWRjMzQ0OTYzYTNmMtgCAeACAQ&aid=304142&ucfs=1&arphpl=1&checkin=2025-10-20&checkout=2025-10-21&dest_id=6233&dest_type=region&group_adults=2&req_adults=2&no_rooms=1&group_children=0&req_children=0&hpos=4&hapos=764&sr_order=popularity&srpvid=6e7b584748dc0389&srepoch=1759495143&all_sr_blocks=856092801_361433377_16_2_0&highlighted_blocks=856092801_361433377_16_2_0&matching_block_id=856092801_361433377_16_2_0&sr_pri_blocks=856092801_361433377_16_2_0__1102500000&from=searchresults
Amy Villa 6 - Bida - Karaoke - Phòng Xông Hơi - 8 Phòng Ngủ - Gần Biển,BRVT,14000000,"Mon, Oct 20","Tue, Oct 21",8.329636574,5,Vung Tau,3,Very good,https://www.booking.com/hotel/vn/amy-villa-6-bida-karaoke-phong-xong-hoi-8-phong-ngu-gan-bien.html?label=gen173nr-10CAEoggI46AdIM1gEaPQBiAEBmAEzuAEXyAEM2AED6AEB-AEBiAIBqAIBuAKDhP_GBsACAdICJGQyODY0ZWNjLTZmM2YtNDdlNS04YTg0LWRjMzQ0OTYzYTNmMtgCAeACAQ&aid=304142&ucfs=1&arphpl=1&checkin=2025-10-20&checkout=2025-10-21&dest_id=6233&dest_type=region&group_adults=2&req_adults=2&no_rooms=1&group_children=0&req_children=0&hpos=14&hapos=774&sr_order=popularity&srpvid=6e7b584748dc0389&srepoch=1759495143&all_sr_blocks=1223407301_394492133_25_2_0&highlighted_blocks=1223407301_394492133_25_2_0&matching_block_id=1223407301_394492133_25_2_0&sr_pri_blocks=1223407301_394492133_25_2_0__700000000&from=searchresults
Tropical Villa - Near My Khe Beach & City Center by The Key,DANANG,13800000,"Mon, Nov 10","Tue, Nov 11",9.899999619,5,Danang,9,Exceptional,https://www.booking.com/hotel/vn/tropical-my-khe-beach-villa-l-5-mins-to-beach-l-city-center.html?label=gen173nr-10CAEoggI46AdIM1gEaPQBiAEBmAEzuAEXyAEM2AED6AEB-AEBiAIBqAIBuAK78OPGBsACAdICJDg2NTdiNzM2LTFhYTYtNDAzNC1hZmUyLWRiYzA1ZDFiZDJlN9gCAeACAQ&aid=304142&ucfs=1&arphpl=1&checkin=2025-11-10&checkout=2025-11-11&dest_id=-3712125&dest_type=city&group_adults=2&req_adults=2&no_rooms=1&group_children=0&req_children=0&hpos=20&hapos=195&sr_order=popularity&srpvid=661c3f6c2dfa02ce&srepoch=1759482125&all_sr_blocks=1445633301_418548568_10_0_0_1154960&highlighted_blocks=1445633301_418548568_10_0_0_1154960&matching_block_id=1445633301_418548568_10_0_0_1154960&sr_pri_blocks=1445633301_418548568_10_0_0_1154960_690000000&from=searchresults
Blue Ocean Villas Danang,DANANG,13800000,"Mon, Oct 6","Tue, Oct 7",9.199999809,5,Danang,28,Wonderful,https://www.booking.com/hotel/vn/vyvy-villas-da-nang.html?label=gen173nr-10CAEoggI46AdIM1gEaPQBiAEBmAEzuAEXyAEM2AED6AEB-AEBiAIBqAIBuAK78OPGBsACAdICJDg2NTdiNzM2LTFhYTYtNDAzNC1hZmUyLWRiYzA1ZDFiZDJlN9gCAeACAQ&aid=304142&ucfs=1&arphpl=1&checkin=2025-10-06&checkout=2025-10-07&dest_id=-3712125&dest_type=city&group_adults=2&req_adults=2&no_rooms=1&group_children=0&req_children=0&hpos=16&hapos=241&sr_order=popularity&srpvid=661c3f6c2dfa02ce&srepoch=1759482147&all_sr_blocks=1120290804_419405301_4_1_0&highlighted_blocks=1120290804_419405301_4_1_0&matching_block_id=1120290804_419405301_4_1_0&sr_pri_blocks=1120290804_419405301_4_1_0__910800000&from=searchresults
InterContinental Danang Sun Peninsula Resort by IHG,DANANG,12582940,"Mon, Oct 27","Tue, Oct 28",9.199999809,5,"Son Tra Peninsula, Danang (Son Tra Peninsula)",406,Wonderful,https://www.booking.com/hotel/vn/intercontinental-danang-sun-peninsula-resort.html?label=gen173nr-10CAEoggI46AdIM1gEaPQBiAEBmAEzuAEXyAEM2AED6AEB-AEBiAIBqAIBuAK78OPGBsACAdICJDg2NTdiNzM2LTFhYTYtNDAzNC1hZmUyLWRiYzA1ZDFiZDJlN9gCAeACAQ&aid=304142&ucfs=1&arphpl=1&checkin=2025-10-27&checkout=2025-10-28&dest_id=-3712125&dest_type=city&group_adults=2&req_adults=2&no_rooms=1&group_children=0&req_children=0&hpos=14&hapos=289&sr_order=popularity&srpvid=661c3f6c2dfa02ce&srepoch=1759482167&all_sr_blocks=42013423_125380427_2_0_0&highlighted_blocks=42013423_125380427_2_0_0&matching_block_id=42013423_125380427_2_0_0&sr_pri_blocks=42013423_125380427_2_0_0__1258294000&from=searchresults
TIA Wellness Resort - Spa Inclusive,DANANG,10363909,"Mon, Nov 3","Tue, Nov 4",9.399999619,5,Danang,286,Wonderful,https://www.booking.com/hotel/vn/fusion-maia-danang.html?label=gen173nr-10CAEoggI46AdIM1gEaPQBiAEBmAEzuAEXyAEM2AED6AEB-AEBiAIBqAIBuAK78OPGBsACAdICJDg2NTdiNzM2LTFhYTYtNDAzNC1hZmUyLWRiYzA1ZDFiZDJlN9gCAeACAQ&aid=304142&ucfs=1&arphpl=1&checkin=2025-11-03&checkout=2025-11-04&dest_id=-3712125&dest_type=city&group_adults=2&req_adults=2&no_rooms=1&group_children=0&req_children=0&hpos=11&hapos=311&sr_order=popularity&srpvid=661c3f6c2dfa02ce&srepoch=1759482182&all_sr_blocks=26416103_0_2_1_0&highlighted_blocks=26416103_0_2_1_0&matching_block_id=26416103_0_2_1_0&sr_pri_blocks=26416103_0_2_1_0__1036390919&from=searchresults
Serenity Villa - Near My Khe Beach & City Center by The Key,DANANG,10000000,"Mon, Oct 13","Tue, Oct 14",8.329636574,5,Danang,5,Very good,https://www.booking.com/hotel/vn/serenity-villa-5-min-walk-to-my-khe-beach-i-full-ac.html?label=gen173nr-10CAEoggI46AdIM1gEaPQBiAEBmAEzuAEXyAEM2AED6AEB-AEBiAIBqAIBuAK78OPGBsACAdICJDg2NTdiNzM2LTFhYTYtNDAzNC1hZmUyLWRiYzA1ZDFiZDJlN9gCAeACAQ&aid=304142&ucfs=1&arphpl=1&checkin=2025-10-13&checkout=2025-10-14&dest_id=-3712125&dest_type=city&group_adults=2&req_adults=2&no_rooms=1&group_children=0&req_children=0&hpos=6&hapos=356&sr_order=popularity&srpvid=661c3f6c2dfa02ce&srepoch=1759482203&all_sr_blocks=1449688901_418549165_8_0_0_1154979&highlighted_blocks=1449688901_418549165_8_0_0_1154979&matching_block_id=1449688901_418549165_8_0_0_1154979&sr_pri_blocks=1449688901_418549165_8_0_0_1154979_500000000&from=searchresults
Perfect Son Tra Beach Villa Da Nang with sea view,DANANG,18279570,"Mon, Oct 13","Tue, Oct 14",8.329636574,5,Danang,4,Very good,https://www.booking.com/hotel/vn/son-tra-beach-villa-da-nang.html?label=gen173nr-10CAEoggI46AdIM1gEaPQBiAEBmAEzuAEXyAEM2AED6AEB-AEBiAIBqAIBuAK78OPGBsACAdICJDg2NTdiNzM2LTFhYTYtNDAzNC1hZmUyLWRiYzA1ZDFiZDJlN9gCAeACAQ&aid=304142&ucfs=1&arphpl=1&checkin=2025-10-13&checkout=2025-10-14&dest_id=-3712125&dest_type=city&group_adults=2&req_adults=2&no_rooms=1&group_children=0&req_children=0&hpos=3&hapos=377&sr_order=popularity&srpvid=661c3f6c2dfa02ce&srepoch=1759482214&all_sr_blocks=977898301_370365434_0_42_0&highlighted_blocks=977898301_370365434_0_42_0&matching_block_id=977898301_370365434_0_42_0&sr_pri_blocks=977898301_370365434_0_42_0__1169892500&from=searchresults
Charming Luxury Beach Villa Da Nang,DANANG,18279570,"Mon, Oct 13","Tue, Oct 14",9.800000191,5,Danang,8,Exceptional,https://www.booking.com/hotel/vn/luxury-beach-villa-da-nang-son-tra.html?label=gen173nr-10CAEoggI46AdIM1gEaPQBiAEBmAEzuAEXyAEM2AED6AEB-AEBiAIBqAIBuAK78OPGBsACAdICJDg2NTdiNzM2LTFhYTYtNDAzNC1hZmUyLWRiYzA1ZDFiZDJlN9gCAeACAQ&aid=304142&ucfs=1&arphpl=1&checkin=2025-10-13&checkout=2025-10-14&dest_id=-3712125&dest_type=city&group_adults=2&req_adults=2&no_rooms=1&group_children=0&req_children=0&hpos=8&hapos=382&sr_order=popularity&srpvid=661c3f6c2dfa02ce&srepoch=1759482214&all_sr_blocks=977775801_373052941_0_42_0&highlighted_blocks=977775801_373052941_0_42_0&matching_block_id=977775801_373052941_0_42_0&sr_pri_blocks=977775801_373052941_0_42_0__1133333300&from=searchresults
Sense Pool Villa - Luxurious 500m2 Pool Mansion Walk to My Khe Beach,DANANG,12020770,"Mon, Oct 13","Tue, Oct 14",9.699999809,4,Danang,69,Exceptional,https://www.booking.com/hotel/vn/stylish-private-pool-mansion-close-to-my-khe-beach.html?label=gen173nr-10CAEoggI46AdIM1gEaPQBiAEBmAEzuAEXyAEM2AED6AEB-AEBiAIBqAIBuAK78OPGBsACAdICJDg2NTdiNzM2LTFhYTYtNDAzNC1hZmUyLWRiYzA1ZDFiZDJlN9gCAeACAQ&aid=304142&ucfs=1&arphpl=1&checkin=2025-10-13&checkout=2025-10-14&dest_id=-3712125&dest_type=city&group_adults=2&req_adults=2&no_rooms=1&group_children=0&req_children=0&hpos=19&hapos=393&sr_order=popularity&srpvid=661c3f6c2dfa02ce&srepoch=1759482214&all_sr_blocks=1331783601_413692504_12_2_0_756515&highlighted_blocks=1331783601_413692504_12_2_0_756515&matching_block_id=1331783601_413692504_12_2_0_756515&sr_pri_blocks=1331783601_413692504_12_2_0_756515_961661600&from=searchresults
Stunning Da Nang Beach Villa,DANANG,15232975,"Mon, Oct 13","Tue, Oct 14",9.5,5,Danang,4,Exceptional,https://www.booking.com/hotel/vn/my-khe-beach-villa-2.html?label=gen173nr-10CAEoggI46AdIM1gEaPQBiAEBmAEzuAEXyAEM2AED6AEB-AEBiAIBqAIBuAK78OPGBsACAdICJDg2NTdiNzM2LTFhYTYtNDAzNC1hZmUyLWRiYzA1ZDFiZDJlN9gCAeACAQ&aid=304142&ucfs=1&arphpl=1&checkin=2025-10-13&checkout=2025-10-14&dest_id=-3712125&dest_type=city&group_adults=2&req_adults=2&no_rooms=1&group_children=0&req_children=0&hpos=4&hapos=403&sr_order=popularity&srpvid=661c3f6c2dfa02ce&srepoch=1759482226&all_sr_blocks=920717101_368807607_0_42_0&highlighted_blocks=920717101_368807607_0_42_0&matching_block_id=920717101_368807607_0_42_0&sr_pri_blocks=920717101_368807607_0_42_0__944444500&from=searchresults
Sila Prana Villa - Luxury Private 8BRs Pool Villa Da Nang Beach,DANANG,27360000,"Mon, Oct 20","Tue, Oct 21",8.5,0,Danang,4,Very good,https://www.booking.com/hotel/vn/sila-prana-villa.html?label=gen173nr-10CAEoggI46AdIM1gEaPQBiAEBmAEzuAEXyAEM2AED6AEB-AEBiAIBqAIBuAK78OPGBsACAdICJDg2NTdiNzM2LTFhYTYtNDAzNC1hZmUyLWRiYzA1ZDFiZDJlN9gCAeACAQ&aid=304142&ucfs=1&arphpl=1&checkin=2025-10-20&checkout=2025-10-21&dest_id=-3712125&dest_type=city&group_adults=2&req_adults=2&no_rooms=1&group_children=0&req_children=0&hpos=14&hapos=413&sr_order=popularity&srpvid=661c3f6c2dfa02ce&srepoch=1759482226&all_sr_blocks=1335211302_414994355_16_0_0_1127721&highlighted_blocks=1335211302_414994355_16_0_0_1127721&matching_block_id=1335211302_414994355_16_0_0_1127721&sr_pri_blocks=1335211302_414994355_16_0_0_1127721_1012320000&from=searchresults
Villas De Mykhe,DANANG,10000000,"Mon, Oct 6","Tue, Oct 7",8,3,Danang,20,Very good,https://www.booking.com/hotel/vn/villas-de-mykhe.html?label=gen173nr-10CAEoggI46AdIM1gEaPQBiAEBmAEzuAEXyAEM2AED6AEB-AEBiAIBqAIBuAK78OPGBsACAdICJDg2NTdiNzM2LTFhYTYtNDAzNC1hZmUyLWRiYzA1ZDFiZDJlN9gCAeACAQ&aid=304142&ucfs=1&arphpl=1&checkin=2025-10-06&checkout=2025-10-07&dest_id=-3712125&dest_type=city&group_adults=2&req_adults=2&no_rooms=1&group_children=0&req_children=0&hpos=24&hapos=447&sr_order=popularity&srpvid=661c3f6c2dfa02ce&srepoch=1759482238&all_sr_blocks=1403459001_412778160_2_0_0&highlighted_blocks=1403459001_412778160_2_0_0&matching_block_id=1403459001_412778160_2_0_0&sr_pri_blocks=1403459001_412778160_2_0_0__50000000&from=searchresults
Luxury Villa With 5 Bed Room & Private Pool - 4 Minutes from The Beach By Walk,DANANG,11875000,"Mon, Oct 6","Tue, Oct 7",8.329636574,0,Danang,6,Very good,https://www.booking.com/hotel/vn/luxury-villa-with-private-pool-100m-to-the-beach.html?label=gen173nr-10CAEoggI46AdIM1gEaPQBiAEBmAEzuAEXyAEM2AED6AEB-AEBiAIBqAIBuAK78OPGBsACAdICJDg2NTdiNzM2LTFhYTYtNDAzNC1hZmUyLWRiYzA1ZDFiZDJlN9gCAeACAQ&aid=304142&ucfs=1&arphpl=1&checkin=2025-10-06&checkout=2025-10-07&dest_id=-3712125&dest_type=city&group_adults=2&req_adults=2&no_rooms=1&group_children=0&req_children=0&hpos=19&hapos=517&sr_order=popularity&srpvid=661c3f6c2dfa02ce&srepoch=1759482284&all_sr_blocks=1441498601_421897287_6_0_0&highlighted_blocks=1441498601_421897287_6_0_0&matching_block_id=1441498601_421897287_6_0_0&sr_pri_blocks=1441498601_421897287_6_0_0__486875000&from=searchresults
Ocean Villa Pool Retreat In Da Nang,DANANG,16150000,"Mon, Oct 20","Tue, Oct 21",9.399999619,5,Danang,16,Wonderful,https://www.booking.com/hotel/vn/ocean-villa-pool-retreat-in-da-nang.html?label=gen173nr-10CAEoggI46AdIM1gEaPQBiAEBmAEzuAEXyAEM2AED6AEB-AEBiAIBqAIBuAK78OPGBsACAdICJDg2NTdiNzM2LTFhYTYtNDAzNC1hZmUyLWRiYzA1ZDFiZDJlN9gCAeACAQ&aid=304142&ucfs=1&arphpl=1&checkin=2025-10-20&checkout=2025-10-21&dest_id=-3712125&dest_type=city&group_adults=2&req_adults=2&no_rooms=1&group_children=0&req_children=0&hpos=6&hapos=554&sr_order=popularity&srpvid=661c3f6c2dfa02ce&srepoch=1759482313&all_sr_blocks=1056720001_385244810_4_2_0_60536&highlighted_blocks=1056720001_385244810_4_2_0_60536&matching_block_id=1056720001_385244810_4_2_0_60536&sr_pri_blocks=1056720001_385244810_4_2_0_60536_710600000&from=searchresults
"Sora Villa, 4BDR, Large Pool & Elevator Access",DANANG,10611482,"Mon, Oct 27","Tue, Oct 28",9.699999809,4,"Marble Mountain, Danang (Marble Mountain)",27,Exceptional,https://www.booking.com/hotel/vn/sora-villa-4bdr-large-pool-amp-elevator-access.html?label=gen173nr-10CAEoggI46AdIM1gEaPQBiAEBmAEzuAEXyAEM2AED6AEB-AEBiAIBqAIBuAK78OPGBsACAdICJDg2NTdiNzM2LTFhYTYtNDAzNC1hZmUyLWRiYzA1ZDFiZDJlN9gCAeACAQ&aid=304142&ucfs=1&arphpl=1&checkin=2025-10-27&checkout=2025-10-28&dest_id=-3712125&dest_type=city&group_adults=2&req_adults=2&no_rooms=1&group_children=0&req_children=0&hpos=12&hapos=560&sr_order=popularity&srpvid=661c3f6c2dfa02ce&srepoch=1759482313&all_sr_blocks=1464140201_421900590_8_0_0&highlighted_blocks=1464140201_421900590_8_0_0&matching_block_id=1464140201_421900590_8_0_0&sr_pri_blocks=1464140201_421900590_8_0_0__848918600&from=searchresults
Da Nang Beach Villa Resort,DANANG,27072000,"Mon, Nov 3","Tue, Nov 4",9.100000381,5,Danang,8,Wonderful,https://www.booking.com/hotel/vn/da-nang-beach-villa-resort.html?label=gen173nr-10CAEoggI46AdIM1gEaPQBiAEBmAEzuAEXyAEM2AED6AEB-AEBiAIBqAIBuAK78OPGBsACAdICJDg2NTdiNzM2LTFhYTYtNDAzNC1hZmUyLWRiYzA1ZDFiZDJlN9gCAeACAQ&aid=304142&ucfs=1&arphpl=1&checkin=2025-11-03&checkout=2025-11-04&dest_id=-3712125&dest_type=city&group_adults=2&req_adults=2&no_rooms=1&group_children=0&req_children=0&hpos=1&hapos=699&sr_order=popularity&srpvid=661c3f6c2dfa02ce&srepoch=1759482417&all_sr_blocks=1183008401_403629118_0_2_0_343272&highlighted_blocks=1183008401_403629118_0_2_0_343272&matching_block_id=1183008401_403629118_0_2_0_343272&sr_pri_blocks=1183008401_403629118_0_2_0_343272_1109952000&from=searchresults
Danang Pool Villas Resort & Spa My Khe Beach,DANANG,38000000,"Mon, Nov 3","Tue, Nov 4",9.100000381,5,Danang,14,Wonderful,https://www.booking.com/hotel/vn/glese-furama-pool-villas-amp-resort-danang.html?label=gen173nr-10CAEoggI46AdIM1gEaPQBiAEBmAEzuAEXyAEM2AED6AEB-AEBiAIBqAIBuAK78OPGBsACAdICJDg2NTdiNzM2LTFhYTYtNDAzNC1hZmUyLWRiYzA1ZDFiZDJlN9gCAeACAQ&aid=304142&ucfs=1&arphpl=1&checkin=2025-11-03&checkout=2025-11-04&dest_id=-3712125&dest_type=city&group_adults=2&req_adults=2&no_rooms=1&group_children=0&req_children=0&hpos=23&hapos=721&sr_order=popularity&srpvid=661c3f6c2dfa02ce&srepoch=1759482417&all_sr_blocks=992081201_399710386_0_33_0&highlighted_blocks=992081201_399710386_0_33_0&matching_block_id=992081201_399710386_0_33_0&sr_pri_blocks=992081201_399710386_0_33_0__3800000000&from=searchresults
One River Pool Villas Da Nang,DANANG,15924000,"Mon, Oct 6","Tue, Oct 7",9,4,"Marble Mountain, Danang (Marble Mountain)",3,Wonderful,https://www.booking.com/hotel/vn/one-river-pool-villas-da-nang.html?label=gen173nr-10CAEoggI46AdIM1gEaPQBiAEBmAEzuAEXyAEM2AED6AEB-AEBiAIBqAIBuAK78OPGBsACAdICJDg2NTdiNzM2LTFhYTYtNDAzNC1hZmUyLWRiYzA1ZDFiZDJlN9gCAeACAQ&aid=304142&ucfs=1&arphpl=1&checkin=2025-10-06&checkout=2025-10-07&dest_id=-3712125&dest_type=city&group_adults=2&req_adults=2&no_rooms=1&group_children=0&req_children=0&hpos=9&hapos=757&sr_order=popularity&srpvid=661c3f6c2dfa02ce&srepoch=1759482455&all_sr_blocks=1227904702_395507167_8_34_0&highlighted_blocks=1227904702_395507167_8_34_0&matching_block_id=1227904702_395507167_8_34_0&sr_pri_blocks=1227904702_395507167_8_34_0__955440000&from=searchresults
Deluxe Beachside Resort Danang,DANANG,11520000,"Mon, Oct 13","Tue, Oct 14",8.199999809,5,Danang,26,Very good,https://www.booking.com/hotel/vn/golden-beachside-villa-danang.html?label=gen173nr-10CAEoggI46AdIM1gEaPQBiAEBmAEzuAEXyAEM2AED6AEB-AEBiAIBqAIBuAK78OPGBsACAdICJDg2NTdiNzM2LTFhYTYtNDAzNC1hZmUyLWRiYzA1ZDFiZDJlN9gCAeACAQ&aid=304142&ucfs=1&arphpl=1&checkin=2025-10-13&checkout=2025-10-14&dest_id=-3712125&dest_type=city&group_adults=2&req_adults=2&no_rooms=1&group_children=0&req_children=0&hpos=16&hapos=764&sr_order=popularity&srpvid=661c3f6c2dfa02ce&srepoch=1759482455&all_sr_blocks=1186799801_394699284_0_1_0_440863&highlighted_blocks=1186799801_394699284_0_1_0_440863&matching_block_id=1186799801_394699284_0_1_0_440863&sr_pri_blocks=1186799801_394699284_0_1_0_440863_806400000&from=searchresults
Purama Villas Da Nang Beachfront Resort & Spa,DANANG,20612500,"Mon, Oct 13","Tue, Oct 14",8.329636574,5,Danang,3,Very good,https://www.booking.com/hotel/vn/purama-villas-da-nang-beachfront-resort-amp-spa.html?label=gen173nr-10CAEoggI46AdIM1gEaPQBiAEBmAEzuAEXyAEM2AED6AEB-AEBiAIBqAIBuAK78OPGBsACAdICJDg2NTdiNzM2LTFhYTYtNDAzNC1hZmUyLWRiYzA1ZDFiZDJlN9gCAeACAQ&aid=304142&ucfs=1&arphpl=1&checkin=2025-10-13&checkout=2025-10-14&dest_id=-3712125&dest_type=city&group_adults=2&req_adults=2&no_rooms=1&group_children=0&req_children=0&hpos=21&hapos=794&sr_order=popularity&srpvid=661c3f6c2dfa02ce&srepoch=1759482472&all_sr_blocks=1302636902_403134747_0_42_0_696412&highlighted_blocks=1302636902_403134747_0_42_0_696412&matching_block_id=1302636902_403134747_0_42_0_696412&sr_pri_blocks=1302636902_403134747_0_42_0_696412_1092462500&from=searchresults
Aurora Villa - Near My Khe Beach & City Center by The Key,DANANG,9800000,"Mon, Oct 20","Tue, Oct 21",8.329636574,5,Danang,6,Very good,https://www.booking.com/hotel/vn/aurora-villa-i-5-min-to-beach-i-city-center-i-full-ac.html?label=gen173nr-10CAEoggI46AdIM1gEaPQBiAEBmAEzuAEXyAEM2AED6AEB-AEBiAIBqAIBuAK78OPGBsACAdICJDg2NTdiNzM2LTFhYTYtNDAzNC1hZmUyLWRiYzA1ZDFiZDJlN9gCAeACAQ&aid=304142&ucfs=1&arphpl=1&checkin=2025-10-20&checkout=2025-10-21&dest_id=-3712125&dest_type=city&group_adults=2&req_adults=2&no_rooms=1&group_children=0&req_children=0&hpos=9&hapos=807&sr_order=popularity&srpvid=661c3f6c2dfa02ce&srepoch=1759482495&all_sr_blocks=1457305001_418549121_8_0_0_1154987&highlighted_blocks=1457305001_418549121_8_0_0_1154987&matching_block_id=1457305001_418549121_8_0_0_1154987&sr_pri_blocks=1457305001_418549121_8_0_0_1154987_490000000&from=searchresults
Carol Villa Đà Nẵng Beach 1,DANANG,11000000,"Mon, Nov 3","Tue, Nov 4",8.5,4,Danang,15,Very good,https://www.booking.com/hotel/vn/carol-villa-da-nang.html?label=gen173nr-10CAEoggI46AdIM1gEaPQBiAEBmAEzuAEXyAEM2AED6AEB-AEBiAIBqAIBuAK78OPGBsACAdICJDg2NTdiNzM2LTFhYTYtNDAzNC1hZmUyLWRiYzA1ZDFiZDJlN9gCAeACAQ&aid=304142&ucfs=1&arphpl=1&checkin=2025-11-03&checkout=2025-11-04&dest_id=-3712125&dest_type=city&group_adults=2&req_adults=2&no_rooms=1&group_children=0&req_children=0&hpos=18&hapos=816&sr_order=popularity&srpvid=661c3f6c2dfa02ce&srepoch=1759482495&all_sr_blocks=824978601_351022805_18_0_0&highlighted_blocks=824978601_351022805_18_0_0&matching_block_id=824978601_351022805_18_0_0&sr_pri_blocks=824978601_351022805_18_0_0__550000000&from=searchresults
Purama Villas Danang,DANANG,23664000,"Mon, Dec 8","Tue, Dec 9",8.329636574,5,Danang,2,Very good,https://www.booking.com/hotel/vn/purama-villas-danang-ngu-hanh-son.html?label=gen173nr-10CAEoggI46AdIM1gEaPQBiAEBmAEzuAEXyAEM2AED6AEB-AEBiAIBqAIBuAK78OPGBsACAdICJDg2NTdiNzM2LTFhYTYtNDAzNC1hZmUyLWRiYzA1ZDFiZDJlN9gCAeACAQ&aid=304142&ucfs=1&arphpl=1&checkin=2025-12-08&checkout=2025-12-09&dest_id=-3712125&dest_type=city&group_adults=2&req_adults=2&no_rooms=1&group_children=0&req_children=0&hpos=4&hapos=827&sr_order=popularity&srpvid=661c3f6c2dfa02ce&srepoch=1759482516&all_sr_blocks=1415664601_413391904_0_2_0_1079766&highlighted_blocks=1415664601_413391904_0_2_0_1079766&matching_block_id=1415664601_413391904_0_2_0_1079766&sr_pri_blocks=1415664601_413391904_0_2_0_1079766_1183200000&from=searchresults
The Salt Collections Beachfront Resort Da Nang,DANANG,10395000,"Mon, Oct 6","Tue, Oct 7",8.329636574,4,Danang,79,Very good,https://www.booking.com/hotel/vn/the-collections-beach-front-resort.html?label=gen173nr-10CAEoggI46AdIM1gEaPQBiAEBmAEzuAEXyAEM2AED6AEB-AEBiAIBqAIBuAK78OPGBsACAdICJDg2NTdiNzM2LTFhYTYtNDAzNC1hZmUyLWRiYzA1ZDFiZDJlN9gCAeACAQ&aid=304142&ucfs=1&arphpl=1&checkin=2025-10-06&checkout=2025-10-07&dest_id=-3712125&dest_type=city&group_adults=2&req_adults=2&no_rooms=1&group_children=0&req_children=0&hpos=18&hapos=841&sr_order=popularity&srpvid=661c3f6c2dfa02ce&srepoch=1759482516&all_sr_blocks=1308107805_405009492_4_2_0&highlighted_blocks=1308107805_405009492_4_2_0&matching_block_id=1308107805_405009492_4_2_0&sr_pri_blocks=1308107805_405009492_4_2_0__602910000&from=searchresults
Wazen Retreat Villa Danang,DANANG,13770000,"Mon, Oct 13","Tue, Oct 14",8.329636574,5,Danang,4,Very good,https://www.booking.com/hotel/vn/wazen-retreat-villa-danang.html?label=gen173nr-10CAEoggI46AdIM1gEaPQBiAEBmAEzuAEXyAEM2AED6AEB-AEBiAIBqAIBuAK78OPGBsACAdICJDg2NTdiNzM2LTFhYTYtNDAzNC1hZmUyLWRiYzA1ZDFiZDJlN9gCAeACAQ&aid=304142&ucfs=1&arphpl=1&checkin=2025-10-13&checkout=2025-10-14&dest_id=-3712125&dest_type=city&group_adults=2&req_adults=2&no_rooms=1&group_children=0&req_children=0&hpos=15&hapos=913&sr_order=popularity&srpvid=661c3f6c2dfa02ce&srepoch=1759482579&all_sr_blocks=1397089901_411617133_12_2_0_893251&highlighted_blocks=1397089901_411617133_12_2_0_893251&matching_block_id=1397089901_411617133_12_2_0_893251&sr_pri_blocks=1397089901_411617133_12_2_0_893251_1032750000&from=searchresults
Hometown Bamboo Prime Villa Da Nang,DANANG,12547058,"Mon, Oct 6","Tue, Oct 7",8.329636574,0,"Son Tra Peninsula, Danang (Son Tra Peninsula)",79,Very good,https://www.booking.com/hotel/vn/ht-villa-da-nang-by-hometown.html?label=gen173nr-10CAEoggI46AdIM1gEaPQBiAEBmAEzuAEXyAEM2AED6AEB-AEBiAIBqAIBuAK78OPGBsACAdICJDg2NTdiNzM2LTFhYTYtNDAzNC1hZmUyLWRiYzA1ZDFiZDJlN9gCAeACAQ&aid=304142&ucfs=1&arphpl=1&checkin=2025-10-06&checkout=2025-10-07&dest_id=-3712125&dest_type=city&group_adults=2&req_adults=2&no_rooms=1&group_children=0&req_children=0&hpos=3&hapos=926&sr_order=popularity&srpvid=661c3f6c2dfa02ce&srepoch=1759482599&all_sr_blocks=1484156601_419953459_10_0_0_1212932&highlighted_blocks=1484156601_419953459_10_0_0_1212932&matching_block_id=1484156601_419953459_10_0_0_1212932&sr_pri_blocks=1484156601_419953459_10_0_0_1212932_414052900&from=searchresults
Khanh 1 Villa - Venuestay,DANANG,15203000,"Mon, Oct 6","Tue, Oct 7",8.329636574,3,"Marble Mountain, Danang (Marble Mountain)",17,Very good,https://www.booking.com/hotel/vn/khanh-1-villa-venuestay.html?label=gen173nr-10CAEoggI46AdIM1gEaPQBiAEBmAEzuAEXyAEM2AED6AEB-AEBiAIBqAIBuAK78OPGBsACAdICJDg2NTdiNzM2LTFhYTYtNDAzNC1hZmUyLWRiYzA1ZDFiZDJlN9gCAeACAQ&aid=304142&ucfs=1&arphpl=1&checkin=2025-10-06&checkout=2025-10-07&dest_id=-3712125&dest_type=city&group_adults=2&req_adults=2&no_rooms=1&group_children=0&req_children=0&hpos=13&hapos=936&sr_order=popularity&srpvid=661c3f6c2dfa02ce&srepoch=1759482599&all_sr_blocks=1363285301_409493169_10_0_0&highlighted_blocks=1363285301_409493169_10_0_0&matching_block_id=1363285301_409493169_10_0_0&sr_pri_blocks=1363285301_409493169_10_0_0__820962000&from=searchresults
4BR Pearl Villa at Furramar Danang,DANANG,11500000,"Mon, Oct 13","Tue, Oct 14",9.699999809,5,Danang,3,Exceptional,https://www.booking.com/hotel/vn/4br-villa-furama-villas-danang.html?label=gen173nr-10CAEoggI46AdIM1gEaPQBiAEBmAEzuAEXyAEM2AED6AEB-AEBiAIBqAIBuAK78OPGBsACAdICJDg2NTdiNzM2LTFhYTYtNDAzNC1hZmUyLWRiYzA1ZDFiZDJlN9gCAeACAQ&aid=304142&ucfs=1&arphpl=1&checkin=2025-10-13&checkout=2025-10-14&dest_id=-3712125&dest_type=city&group_adults=2&req_adults=2&no_rooms=1&group_children=0&req_children=0&hpos=14&hapos=987&sr_order=popularity&srpvid=661c3f6c2dfa02ce&srepoch=1759482646&all_sr_blocks=257821401_125368483_0_0_0&highlighted_blocks=257821401_125368483_0_0_0&matching_block_id=257821401_125368483_0_0_0&sr_pri_blocks=257821401_125368483_0_0_0__1150000000&from=searchresults
Sila Anila 7BRs Pool Villa My Khe Beach Da Nang,DANANG,21118500,"Mon, Oct 13","Tue, Oct 14",7,0,Danang,79,Good,https://www.booking.com/hotel/vn/sila-anila-7brs-pool-villa-my-khe-beach-da-nang.html?label=gen173nr-10CAEoggI46AdIM1gEaPQBiAEBmAEzuAEXyAEM2AED6AEB-AEBiAIBqAIBuAK78OPGBsACAdICJDg2NTdiNzM2LTFhYTYtNDAzNC1hZmUyLWRiYzA1ZDFiZDJlN9gCAeACAQ&aid=304142&ucfs=1&arphpl=1&checkin=2025-10-13&checkout=2025-10-14&dest_id=-3712125&dest_type=city&group_adults=2&req_adults=2&no_rooms=1&group_children=0&req_children=0&hpos=17&hapos=990&sr_order=popularity&srpvid=661c3f6c2dfa02ce&srepoch=1759482646&all_sr_blocks=1424499901_421378443_12_34_0_1133520&highlighted_blocks=1424499901_421378443_12_34_0_1133520&matching_block_id=1424499901_421378443_12_34_0_1133520&sr_pri_blocks=1424499901_421378443_12_34_0_1133520_739147500&from=searchresults
Classic Street Hotel,HANOI,10000000,"Mon, Oct 13","Tue, Oct 14",9.199999809,4,"Hoan Kiem, Hanoi (Old Quarter)",5144,Wonderful,https://www.booking.com/hotel/vn/the-classic-street.html?label=gen173nr-10CAEoggI46AdIM1gEaPQBiAEBmAEzuAEXyAEM2AED6AEB-AEBiAIBqAIBuAK78OPGBsACAdICJDg2NTdiNzM2LTFhYTYtNDAzNC1hZmUyLWRiYzA1ZDFiZDJlN9gCAeACAQ&aid=304142&ucfs=1&arphpl=1&checkin=2025-10-13&checkout=2025-10-14&dest_id=-3714993&dest_type=city&group_adults=2&req_adults=2&no_rooms=1&group_children=0&req_children=0&hpos=2&hapos=2&sr_order=popularity&srpvid=de0b4341409d0395&srepoch=1759484549&all_sr_blocks=39334501_419148305_2_1_0_617525&highlighted_blocks=39334501_419148305_2_1_0_617525&matching_block_id=39334501_419148305_2_1_0_617525&sr_pri_blocks=39334501_419148305_2_1_0_617525_150000000&from=searchresults
Scent Premium Hotel,HANOI,11750000,"Mon, Oct 6","Tue, Oct 7",9.600000381,4,"Hoan Kiem, Hanoi (Old Quarter)",5529,Exceptional,https://www.booking.com/hotel/vn/gondola-hotel.html?label=gen173nr-10CAEoggI46AdIM1gEaPQBiAEBmAEzuAEXyAEM2AED6AEB-AEBiAIBqAIBuAK78OPGBsACAdICJDg2NTdiNzM2LTFhYTYtNDAzNC1hZmUyLWRiYzA1ZDFiZDJlN9gCAeACAQ&aid=304142&ucfs=1&arphpl=1&checkin=2025-10-06&checkout=2025-10-07&dest_id=-3714993&dest_type=city&group_adults=2&req_adults=2&no_rooms=1&group_children=0&req_children=0&hpos=14&hapos=14&sr_order=popularity&srpvid=de0b4341409d0395&srepoch=1759484549&all_sr_blocks=36739141_395055048_2_1_0_1117857&highlighted_blocks=36739141_395055048_2_1_0_1117857&matching_block_id=36739141_395055048_2_1_0_1117857&sr_pri_blocks=36739141_395055048_2_1_0_1117857_246750000&from=searchresults
Omina Hotel & Travel,HANOI,9500000,"Mon, Oct 13","Tue, Oct 14",9.5,4,"Hoan Kiem, Hanoi (Old Quarter)",999,Exceptional,https://www.booking.com/hotel/vn/omina-hanoi-and-travel.html?label=gen173nr-10CAEoggI46AdIM1gEaPQBiAEBmAEzuAEXyAEM2AED6AEB-AEBiAIBqAIBuAK78OPGBsACAdICJDg2NTdiNzM2LTFhYTYtNDAzNC1hZmUyLWRiYzA1ZDFiZDJlN9gCAeACAQ&aid=304142&ucfs=1&arphpl=1&checkin=2025-10-13&checkout=2025-10-14&dest_id=-3714993&dest_type=city&group_adults=2&req_adults=2&no_rooms=1&group_children=0&req_children=0&hpos=20&hapos=20&sr_order=popularity&srpvid=de0b4341409d0395&srepoch=1759484549&all_sr_blocks=1153529515_421999329_2_2_0_767812&highlighted_blocks=1153529515_421999329_2_2_0_767812&matching_block_id=1153529515_421999329_2_2_0_767812&sr_pri_blocks=1153529515_421999329_2_2_0_767812_114000000&from=searchresults
Meritel Hanoi,HANOI,11250000,"Mon, Dec 1","Tue, Dec 2",9.5,5,"Hoan Kiem, Hanoi (Old Quarter)",2898,Exceptional,https://www.booking.com/hotel/vn/meritel-hanoi.html?label=gen173nr-10CAEoggI46AdIM1gEaPQBiAEBmAEzuAEXyAEM2AED6AEB-AEBiAIBqAIBuAK78OPGBsACAdICJDg2NTdiNzM2LTFhYTYtNDAzNC1hZmUyLWRiYzA1ZDFiZDJlN9gCAeACAQ&aid=304142&ucfs=1&arphpl=1&checkin=2025-12-01&checkout=2025-12-02&dest_id=-3714993&dest_type=city&group_adults=2&req_adults=2&no_rooms=1&group_children=0&req_children=0&hpos=21&hapos=21&sr_order=popularity&srpvid=de0b4341409d0395&srepoch=1759484549&all_sr_blocks=874620102_381369700_2_2_0_597251&highlighted_blocks=874620102_381369700_2_2_0_597251&matching_block_id=874620102_381369700_2_2_0_597251&sr_pri_blocks=874620102_381369700_2_2_0_597251_405000000&from=searchresults
Hanoi E Central Luxury Hotel & Restaurant,HANOI,11700000,"Mon, Dec 8","Tue, Dec 9",9.5,4,"Hoan Kiem, Hanoi (Old Quarter)",2986,Exceptional,https://www.booking.com/hotel/vn/hanoi-elegance-emerald.html?label=gen173nr-10CAEoggI46AdIM1gEaPQBiAEBmAEzuAEXyAEM2AED6AEB-AEBiAIBqAIBuAK78OPGBsACAdICJDg2NTdiNzM2LTFhYTYtNDAzNC1hZmUyLWRiYzA1ZDFiZDJlN9gCAeACAQ&aid=304142&ucfs=1&arphpl=1&checkin=2025-12-08&checkout=2025-12-09&dest_id=-3714993&dest_type=city&group_adults=2&req_adults=2&no_rooms=1&group_children=0&req_children=0&hpos=10&hapos=35&sr_order=popularity&srpvid=de0b4341409d0395&srepoch=1759484042&all_sr_blocks=54487701_397851526_2_41_0&highlighted_blocks=54487701_397851526_2_41_0&matching_block_id=54487701_397851526_2_41_0&sr_pri_blocks=54487701_397851526_2_41_0__175500000&from=searchresults
Aurora Oriental Hotel,HANOI,11400000,"Mon, Dec 1","Tue, Dec 2",9.399999619,5,"Hoan Kiem, Hanoi (Old Quarter)",590,Wonderful,https://www.booking.com/hotel/vn/aurora-hanoi.html?label=gen173nr-10CAEoggI46AdIM1gEaPQBiAEBmAEzuAEXyAEM2AED6AEB-AEBiAIBqAIBuAK78OPGBsACAdICJDg2NTdiNzM2LTFhYTYtNDAzNC1hZmUyLWRiYzA1ZDFiZDJlN9gCAeACAQ&aid=304142&ucfs=1&arphpl=1&checkin=2025-12-01&checkout=2025-12-02&dest_id=-3714993&dest_type=city&group_adults=2&req_adults=2&no_rooms=1&group_children=0&req_children=0&hpos=16&hapos=41&sr_order=popularity&srpvid=de0b4341409d0395&srepoch=1759484042&all_sr_blocks=1378479502_411445425_0_1_0_905030&highlighted_blocks=1378479502_411445425_0_1_0_905030&matching_block_id=1378479502_411445425_0_1_0_905030&sr_pri_blocks=1378479502_411445425_0_1_0_905030_250800000&from=searchresults
The Oriental Jade Hotel,HANOI,14121684,"Mon, Dec 8","Tue, Dec 9",9.600000381,5,"Hoan Kiem, Hanoi (Old Quarter)",3039,Exceptional,https://www.booking.com/hotel/vn/the-oriental-jade-amp-spa.html?label=gen173nr-10CAEoggI46AdIM1gEaPQBiAEBmAEzuAEXyAEM2AED6AEB-AEBiAIBqAIBuAK78OPGBsACAdICJDg2NTdiNzM2LTFhYTYtNDAzNC1hZmUyLWRiYzA1ZDFiZDJlN9gCAeACAQ&aid=304142&ucfs=1&arphpl=1&checkin=2025-12-08&checkout=2025-12-09&dest_id=-3714993&dest_type=city&group_adults=2&req_adults=2&no_rooms=1&group_children=0&req_children=0&hpos=3&hapos=53&sr_order=popularity&srpvid=de0b4341409d0395&srepoch=1759484045&all_sr_blocks=485753201_159274250_2_41_0_1205961&highlighted_blocks=485753201_159274250_2_41_0_1205961&matching_block_id=485753201_159274250_2_41_0_1205961&sr_pri_blocks=485753201_159274250_2_41_0_1205961_466015600&from=searchresults
Hanoi Amorita Boutique Hotel & Travel,HANOI,11000000,"Mon, Oct 6","Tue, Oct 7",9.399999619,3,"Hoan Kiem, Hanoi (Old Quarter)",3160,Wonderful,https://www.booking.com/hotel/vn/hanoi-royal-view.html?label=gen173nr-10CAEoggI46AdIM1gEaPQBiAEBmAEzuAEXyAEM2AED6AEB-AEBiAIBqAIBuAK78OPGBsACAdICJDg2NTdiNzM2LTFhYTYtNDAzNC1hZmUyLWRiYzA1ZDFiZDJlN9gCAeACAQ&aid=304142&ucfs=1&arphpl=1&checkin=2025-10-06&checkout=2025-10-07&dest_id=-3714993&dest_type=city&group_adults=2&req_adults=2&no_rooms=1&group_children=0&req_children=0&hpos=11&hapos=61&sr_order=popularity&srpvid=de0b4341409d0395&srepoch=1759484045&all_sr_blocks=26669554_210838056_0_2_0_820942&highlighted_blocks=26669554_210838056_0_2_0_820942&matching_block_id=26669554_210838056_0_2_0_820942&sr_pri_blocks=26669554_210838056_0_2_0_820942_143000000&from=searchresults
La Passion Premium Cau Go,HANOI,10500000,"Mon, Oct 20","Tue, Oct 21",9.399999619,4,"Hoan Kiem, Hanoi (Old Quarter)",773,Wonderful,https://www.booking.com/hotel/vn/la-passion-premium-cau-go-hoan-kiem.html?label=gen173nr-10CAEoggI46AdIM1gEaPQBiAEBmAEzuAEXyAEM2AED6AEB-AEBiAIBqAIBuAK78OPGBsACAdICJDg2NTdiNzM2LTFhYTYtNDAzNC1hZmUyLWRiYzA1ZDFiZDJlN9gCAeACAQ&aid=304142&ucfs=1&arphpl=1&checkin=2025-10-20&checkout=2025-10-21&dest_id=-3714993&dest_type=city&group_adults=2&req_adults=2&no_rooms=1&group_children=0&req_children=0&hpos=16&hapos=91&sr_order=popularity&srpvid=de0b4341409d0395&srepoch=1759484048&all_sr_blocks=1009809204_373680298_0_1_0&highlighted_blocks=1009809204_373680298_0_1_0&matching_block_id=1009809204_373680298_0_1_0&sr_pri_blocks=1009809204_373680298_0_1_0__262500000&from=searchresults
Hanoi Lakeside Premium Hotel & Travel,HANOI,10000000,"Mon, Oct 6","Tue, Oct 7",9.199999809,3,"Hoan Kiem, Hanoi (Old Quarter)",1356,Wonderful,https://www.booking.com/hotel/vn/hanoian-lakeside.html?label=gen173nr-10CAEoggI46AdIM1gEaPQBiAEBmAEzuAEXyAEM2AED6AEB-AEBiAIBqAIBuAK78OPGBsACAdICJDg2NTdiNzM2LTFhYTYtNDAzNC1hZmUyLWRiYzA1ZDFiZDJlN9gCAeACAQ&aid=304142&ucfs=1&arphpl=1&checkin=2025-10-06&checkout=2025-10-07&dest_id=-3714993&dest_type=city&group_adults=2&req_adults=2&no_rooms=1&group_children=0&req_children=0&hpos=6&hapos=155&sr_order=popularity&srpvid=de0b4341409d0395&srepoch=1759484075&all_sr_blocks=480346321_211434488_0_2_0_820914&highlighted_blocks=480346321_211434488_0_2_0_820914&matching_block_id=480346321_211434488_0_2_0_820914&sr_pri_blocks=480346321_211434488_0_2_0_820914_140000000&from=searchresults
Acoustic Premium Hotel & Spa,HANOI,13253625,"Mon, Oct 13","Tue, Oct 14",9.600000381,4,"Hoan Kiem, Hanoi",252,Exceptional,https://www.booking.com/hotel/vn/acoustic-premium-amp-spa.html?label=gen173nr-10CAEoggI46AdIM1gEaPQBiAEBmAEzuAEXyAEM2AED6AEB-AEBiAIBqAIBuAK78OPGBsACAdICJDg2NTdiNzM2LTFhYTYtNDAzNC1hZmUyLWRiYzA1ZDFiZDJlN9gCAeACAQ&aid=304142&ucfs=1&arphpl=1&checkin=2025-10-13&checkout=2025-10-14&dest_id=-3714993&dest_type=city&group_adults=2&req_adults=2&no_rooms=1&group_children=0&req_children=0&hpos=14&hapos=188&sr_order=popularity&srpvid=de0b4341409d0395&srepoch=1759484084&all_sr_blocks=1229608701_394984503_0_1_0_1077762&highlighted_blocks=1229608701_394984503_0_1_0_1077762&matching_block_id=1229608701_394984503_0_1_0_1077762&sr_pri_blocks=1229608701_394984503_0_1_0_1077762_331340600&from=searchresults
Hanoi Golden Sunshine Villa Hotel and Travel,HANOI,12500000,"Mon, Oct 6","Tue, Oct 7",9.100000381,3,"Hoan Kiem, Hanoi (Old Quarter)",514,Wonderful,https://www.booking.com/hotel/vn/golden-sun-villa.html?label=gen173nr-10CAEoggI46AdIM1gEaPQBiAEBmAEzuAEXyAEM2AED6AEB-AEBiAIBqAIBuAK78OPGBsACAdICJDg2NTdiNzM2LTFhYTYtNDAzNC1hZmUyLWRiYzA1ZDFiZDJlN9gCAeACAQ&aid=304142&ucfs=1&arphpl=1&checkin=2025-10-06&checkout=2025-10-07&dest_id=-3714993&dest_type=city&group_adults=2&req_adults=2&no_rooms=1&group_children=0&req_children=0&hpos=13&hapos=262&sr_order=popularity&srpvid=de0b4341409d0395&srepoch=1759484114&all_sr_blocks=80499402_421467280_2_1_0_767816&highlighted_blocks=80499402_421467280_2_1_0_767816&matching_block_id=80499402_421467280_2_1_0_767816&sr_pri_blocks=80499402_421467280_2_1_0_767816_150000000&from=searchresults
Peridot Grand Luxury Boutique Hotel,HANOI,10304000,"Mon, Dec 15","Tue, Dec 16",9.300000191,5,"Hoan Kiem, Hanoi (Old Quarter)",3559,Wonderful,https://www.booking.com/hotel/vn/peridot-grand-amp-spa-by-aira-hoan-kiem1.html?label=gen173nr-10CAEoggI46AdIM1gEaPQBiAEBmAEzuAEXyAEM2AED6AEB-AEBiAIBqAIBuAK78OPGBsACAdICJDg2NTdiNzM2LTFhYTYtNDAzNC1hZmUyLWRiYzA1ZDFiZDJlN9gCAeACAQ&aid=304142&ucfs=1&arphpl=1&checkin=2025-12-15&checkout=2025-12-16&dest_id=-3714993&dest_type=city&group_adults=2&req_adults=2&no_rooms=1&group_children=0&req_children=0&hpos=9&hapos=308&sr_order=popularity&srpvid=de0b4341409d0395&srepoch=1759484135&all_sr_blocks=610534514_239063259_0_41_0_100265&highlighted_blocks=610534514_239063259_0_41_0_100265&matching_block_id=610534514_239063259_0_41_0_100265&sr_pri_blocks=610534514_239063259_0_41_0_100265_453376000&from=searchresults
Hotel Omina Hanoi Travel,HANOI,11000000,"Mon, Oct 13","Tue, Oct 14",8.899999619,4,"Hoan Kiem, Hanoi (Old Quarter)",86,Excellent,https://www.booking.com/hotel/vn/hanoi-omina-and-travel.html?label=gen173nr-10CAEoggI46AdIM1gEaPQBiAEBmAEzuAEXyAEM2AED6AEB-AEBiAIBqAIBuAK78OPGBsACAdICJDg2NTdiNzM2LTFhYTYtNDAzNC1hZmUyLWRiYzA1ZDFiZDJlN9gCAeACAQ&aid=304142&ucfs=1&arphpl=1&checkin=2025-10-13&checkout=2025-10-14&dest_id=-3714993&dest_type=city&group_adults=2&req_adults=2&no_rooms=1&group_children=0&req_children=0&hpos=3&hapos=327&sr_order=popularity&srpvid=de0b4341409d0395&srepoch=1759484147&all_sr_blocks=1154067101_421411568_2_2_0_1168212&highlighted_blocks=1154067101_421411568_2_2_0_1168212&matching_block_id=1154067101_421411568_2_2_0_1168212&sr_pri_blocks=1154067101_421411568_2_2_0_1168212_110000000&from=searchresults
Golden Sunshine Villa Hotel and Travel,HANOI,12000000,"Mon, Oct 27","Tue, Oct 28",9.100000381,4,"Hoan Kiem, Hanoi (Old Quarter)",644,Wonderful,https://www.booking.com/hotel/vn/golden-sunshine-villa-and-travel.html?label=gen173nr-10CAEoggI46AdIM1gEaPQBiAEBmAEzuAEXyAEM2AED6AEB-AEBiAIBqAIBuAK78OPGBsACAdICJDg2NTdiNzM2LTFhYTYtNDAzNC1hZmUyLWRiYzA1ZDFiZDJlN9gCAeACAQ&aid=304142&ucfs=1&arphpl=1&checkin=2025-10-27&checkout=2025-10-28&dest_id=-3714993&dest_type=city&group_adults=2&req_adults=2&no_rooms=1&group_children=0&req_children=0&hpos=16&hapos=500&sr_order=popularity&srpvid=de0b4341409d0395&srepoch=1759484230&all_sr_blocks=1088786107_381796347_2_1_0_767814&highlighted_blocks=1088786107_381796347_2_1_0_767814&matching_block_id=1088786107_381796347_2_1_0_767814&sr_pri_blocks=1088786107_381796347_2_1_0_767814_144000000&from=searchresults
Capella Hanoi,HANOI,17202780,"Mon, Dec 1","Tue, Dec 2",9.699999809,5,"Hoan Kiem, Hanoi",167,Exceptional,https://www.booking.com/hotel/vn/capella-hoan-kiem.html?label=gen173nr-10CAEoggI46AdIM1gEaPQBiAEBmAEzuAEXyAEM2AED6AEB-AEBiAIBqAIBuAK78OPGBsACAdICJDg2NTdiNzM2LTFhYTYtNDAzNC1hZmUyLWRiYzA1ZDFiZDJlN9gCAeACAQ&aid=304142&ucfs=1&arphpl=1&checkin=2025-12-01&checkout=2025-12-02&dest_id=-3714993&dest_type=city&group_adults=2&req_adults=2&no_rooms=1&group_children=0&req_children=0&hpos=23&hapos=682&sr_order=popularity&srpvid=de0b4341409d0395&srepoch=1759484326&all_sr_blocks=702258811_372533852_2_1_0&highlighted_blocks=702258811_372533852_2_1_0&matching_block_id=702258811_372533852_2_1_0&sr_pri_blocks=702258811_372533852_2_1_0__1720278000&from=searchresults
The Peak Suite at Landmark Plus,HCM,12000000,"Mon, Oct 6","Tue, Oct 7",8.800000191,4,"Binh Thanh, Ho Chi Minh City (Hang Xanh)",18,Excellent,https://www.booking.com/hotel/vn/the-peak-suite-at-landmark-plus.html?label=gen173nr-10CAEoggI46AdIM1gEaPQBiAEBmAEzuAEXyAEM2AED6AEB-AEBiAIBqAIBuAK78OPGBsACAdICJDg2NTdiNzM2LTFhYTYtNDAzNC1hZmUyLWRiYzA1ZDFiZDJlN9gCAeACAQ&aid=304142&ucfs=1&arphpl=1&checkin=2025-10-06&checkout=2025-10-07&dest_id=-3730078&dest_type=city&group_adults=2&req_adults=2&no_rooms=1&group_children=0&req_children=0&hpos=9&hapos=9&sr_order=popularity&srpvid=c9c22701b19e018c&srepoch=1759469995&all_sr_blocks=1451320401_416489572_2_0_0_1181098&highlighted_blocks=1451320401_416489572_2_0_0_1181098&matching_block_id=1451320401_416489572_2_0_0_1181098&sr_pri_blocks=1451320401_416489572_2_0_0_1181098_108000000&from=searchresults
The Luxury Lumiere Riverside Suite,HCM,22100000,"Mon, Nov 3","Tue, Nov 4",9.100000381,5,"An Phu, Ho Chi Minh City",9,Wonderful,https://www.booking.com/hotel/vn/castelo-house-riverview.html?label=gen173nr-10CAEoggI46AdIM1gEaPQBiAEBmAEzuAEXyAEM2AED6AEB-AEBiAIBqAIBuAK78OPGBsACAdICJDg2NTdiNzM2LTFhYTYtNDAzNC1hZmUyLWRiYzA1ZDFiZDJlN9gCAeACAQ&aid=304142&ucfs=1&arphpl=1&checkin=2025-11-03&checkout=2025-11-04&dest_id=-3730078&dest_type=city&group_adults=2&req_adults=2&no_rooms=1&group_children=0&req_children=0&hpos=10&hapos=10&sr_order=popularity&srpvid=c9c22701b19e018c&srepoch=1759469995&all_sr_blocks=1398383305_417944151_2_0_0_913693&highlighted_blocks=1398383305_417944151_2_0_0_913693&matching_block_id=1398383305_417944151_2_0_0_913693&sr_pri_blocks=1398383305_417944151_2_0_0_913693_198900000&from=searchresults
Landmark Plus Vinhomes CityView Suite,HCM,10680000,"Mon, Oct 6","Tue, Oct 7",7.800000191,4,"Binh Thanh, Ho Chi Minh City (Hang Xanh)",73,Good,https://www.booking.com/hotel/vn/vinhomes-regal-harmony.html?label=gen173nr-10CAEoggI46AdIM1gEaPQBiAEBmAEzuAEXyAEM2AED6AEB-AEBiAIBqAIBuAK78OPGBsACAdICJDg2NTdiNzM2LTFhYTYtNDAzNC1hZmUyLWRiYzA1ZDFiZDJlN9gCAeACAQ&aid=304142&ucfs=1&arphpl=1&checkin=2025-10-06&checkout=2025-10-07&dest_id=-3730078&dest_type=city&group_adults=2&req_adults=2&no_rooms=1&group_children=0&req_children=0&hpos=12&hapos=12&sr_order=popularity&srpvid=c9c22701b19e018c&srepoch=1759469995&all_sr_blocks=1430537501_414707141_2_0_0_1111140&highlighted_blocks=1430537501_414707141_2_0_0_1111140&matching_block_id=1430537501_414707141_2_0_0_1111140&sr_pri_blocks=1430537501_414707141_2_0_0_1111140_138840000&from=searchresults
Vinhomes Landmark Plus Royale Residence,HCM,9900000,"Mon, Oct 6","Tue, Oct 7",9.800000191,4,"Binh Thanh, Ho Chi Minh City (Hang Xanh)",5,Exceptional,https://www.booking.com/hotel/vn/vinhomes-royale-residence.html?label=gen173nr-10CAEoggI46AdIM1gEaPQBiAEBmAEzuAEXyAEM2AED6AEB-AEBiAIBqAIBuAK78OPGBsACAdICJDg2NTdiNzM2LTFhYTYtNDAzNC1hZmUyLWRiYzA1ZDFiZDJlN9gCAeACAQ&aid=304142&ucfs=1&arphpl=1&checkin=2025-10-06&checkout=2025-10-07&dest_id=-3730078&dest_type=city&group_adults=2&req_adults=2&no_rooms=1&group_children=0&req_children=0&hpos=22&hapos=22&sr_order=popularity&srpvid=c9c22701b19e018c&srepoch=1759469995&all_sr_blocks=1450538901_419662223_2_0_0_1180618&highlighted_blocks=1450538901_419662223_2_0_0_1180618&matching_block_id=1450538901_419662223_2_0_0_1180618&sr_pri_blocks=1450538901_419662223_2_0_0_1180618_118800000&from=searchresults
Lumiere Riverside Saigon Elegance Suites,HCM,17000000,"Mon, Oct 6","Tue, Oct 7",7.900000095,4,"An Phu, Ho Chi Minh City",10,Good,https://www.booking.com/hotel/vn/lumiere-suite-riverside-in-thao-dien.html?label=gen173nr-10CAEoggI46AdIM1gEaPQBiAEBmAEzuAEXyAEM2AED6AEB-AEBiAIBqAIBuAK78OPGBsACAdICJDg2NTdiNzM2LTFhYTYtNDAzNC1hZmUyLWRiYzA1ZDFiZDJlN9gCAeACAQ&aid=304142&ucfs=1&arphpl=1&checkin=2025-10-06&checkout=2025-10-07&dest_id=-3730078&dest_type=city&group_adults=2&req_adults=2&no_rooms=1&group_children=0&req_children=0&hpos=13&hapos=314&sr_order=popularity&srpvid=c9c22701b19e018c&srepoch=1759469680&all_sr_blocks=1300198802_413487508_2_0_0_1083518&highlighted_blocks=1300198802_413487508_2_0_0_1083518&matching_block_id=1300198802_413487508_2_0_0_1083518&sr_pri_blocks=1300198802_413487508_2_0_0_1083518_204000000&from=searchresults
The Luxe Nest Riverside - Vinhome Landmark 81,HCM,24000000,"Mon, Oct 6","Tue, Oct 7",8.399999619,4,"Binh Thanh, Ho Chi Minh City (Hang Xanh)",19,Very good,https://www.booking.com/hotel/vn/the-luxe-nest-riverside.html?label=gen173nr-10CAEoggI46AdIM1gEaPQBiAEBmAEzuAEXyAEM2AED6AEB-AEBiAIBqAIBuAK78OPGBsACAdICJDg2NTdiNzM2LTFhYTYtNDAzNC1hZmUyLWRiYzA1ZDFiZDJlN9gCAeACAQ&aid=304142&ucfs=1&arphpl=1&checkin=2025-10-06&checkout=2025-10-07&dest_id=-3730078&dest_type=city&group_adults=2&req_adults=2&no_rooms=1&group_children=0&req_children=0&hpos=19&hapos=370&sr_order=popularity&srpvid=c9c22701b19e018c&srepoch=1759469706&all_sr_blocks=1344132802_410462601_2_0_0_800118&highlighted_blocks=1344132802_410462601_2_0_0_800118&matching_block_id=1344132802_410462601_2_0_0_800118&sr_pri_blocks=1344132802_410462601_2_0_0_800118_192000000&from=searchresults
The Grand Residence at Landmark 81,HCM,12880000,"Mon, Oct 6","Tue, Oct 7",7.900000095,4,"Binh Thanh, Ho Chi Minh City (Hang Xanh)",24,Good,https://www.booking.com/hotel/vn/the-grand-residence-at-landmark-81.html?label=gen173nr-10CAEoggI46AdIM1gEaPQBiAEBmAEzuAEXyAEM2AED6AEB-AEBiAIBqAIBuAK78OPGBsACAdICJDg2NTdiNzM2LTFhYTYtNDAzNC1hZmUyLWRiYzA1ZDFiZDJlN9gCAeACAQ&aid=304142&ucfs=1&arphpl=1&checkin=2025-10-06&checkout=2025-10-07&dest_id=-3730078&dest_type=city&group_adults=2&req_adults=2&no_rooms=1&group_children=0&req_children=0&hpos=1&hapos=402&sr_order=popularity&srpvid=c9c22701b19e018c&srepoch=1759469734&all_sr_blocks=1433880801_414932788_2_0_0_1137845&highlighted_blocks=1433880801_414932788_2_0_0_1137845&matching_block_id=1433880801_414932788_2_0_0_1137845&sr_pri_blocks=1433880801_414932788_2_0_0_1137845_167440000&from=searchresults
VINCOM Center Đồng Khởi District 1,HCM,10800000,"Mon, Oct 6","Tue, Oct 7",9,4,"District 1, Ho Chi Minh City (Le Thanh Ton)",18,Wonderful,https://www.booking.com/hotel/vn/fabulous-entire-apart-in-city-central.html?label=gen173nr-10CAEoggI46AdIM1gEaPQBiAEBmAEzuAEXyAEM2AED6AEB-AEBiAIBqAIBuAK78OPGBsACAdICJDg2NTdiNzM2LTFhYTYtNDAzNC1hZmUyLWRiYzA1ZDFiZDJlN9gCAeACAQ&aid=304142&ucfs=1&arphpl=1&checkin=2025-10-06&checkout=2025-10-07&dest_id=-3730078&dest_type=city&group_adults=2&req_adults=2&no_rooms=1&group_children=0&req_children=0&hpos=13&hapos=564&sr_order=popularity&srpvid=c9c22701b19e018c&srepoch=1759469820&all_sr_blocks=1021335202_420179276_2_0_0&highlighted_blocks=1021335202_420179276_2_0_0&matching_block_id=1021335202_420179276_2_0_0&sr_pri_blocks=1021335202_420179276_2_0_0__626400000&from=searchresults
Landmark Saigon Pearl Riverview Residences,HCM,16300000,"Mon, Oct 6","Tue, Oct 7",8,3,"Binh Thanh, Ho Chi Minh City (Hang Xanh)",32,Very good,https://www.booking.com/hotel/vn/saigon-pearl-parkview-residences.html?label=gen173nr-10CAEoggI46AdIM1gEaPQBiAEBmAEzuAEXyAEM2AED6AEB-AEBiAIBqAIBuAK78OPGBsACAdICJDg2NTdiNzM2LTFhYTYtNDAzNC1hZmUyLWRiYzA1ZDFiZDJlN9gCAeACAQ&aid=304142&ucfs=1&arphpl=1&checkin=2025-10-06&checkout=2025-10-07&dest_id=-3730078&dest_type=city&group_adults=2&req_adults=2&no_rooms=1&group_children=0&req_children=0&hpos=1&hapos=577&sr_order=popularity&srpvid=c9c22701b19e018c&srepoch=1759469829&all_sr_blocks=1420926502_413731842_2_0_0&highlighted_blocks=1420926502_413731842_2_0_0&matching_block_id=1420926502_413731842_2_0_0&sr_pri_blocks=1420926502_413731842_2_0_0__130400000&from=searchresults
LANDMARK 81 Condotel Garden Bay,HCM,16000000,"Mon, Oct 6","Tue, Oct 7",8.300000191,4,"Binh Thanh, Ho Chi Minh City (Hang Xanh)",262,Very good,https://www.booking.com/hotel/vn/nemo-place.html?label=gen173nr-10CAEoggI46AdIM1gEaPQBiAEBmAEzuAEXyAEM2AED6AEB-AEBiAIBqAIBuAK78OPGBsACAdICJDg2NTdiNzM2LTFhYTYtNDAzNC1hZmUyLWRiYzA1ZDFiZDJlN9gCAeACAQ&aid=304142&ucfs=1&arphpl=1&checkin=2025-10-06&checkout=2025-10-07&dest_id=-3730078&dest_type=city&group_adults=2&req_adults=2&no_rooms=1&group_children=0&req_children=0&hpos=23&hapos=599&sr_order=popularity&srpvid=c9c22701b19e018c&srepoch=1759469829&all_sr_blocks=305251003_391391478_0_0_0_463243&highlighted_blocks=305251003_391391478_0_0_0_463243&matching_block_id=305251003_391391478_0_0_0_463243&sr_pri_blocks=305251003_391391478_0_0_0_463243_208000000&from=searchresults
The Landmark Plus Saigon View,HCM,10000000,"Mon, Oct 6","Tue, Oct 7",8.300000191,4,"Binh Thanh, Ho Chi Minh City (Hang Xanh)",85,Very good,https://www.booking.com/hotel/vn/landmark-high-class-apartment.html?label=gen173nr-10CAEoggI46AdIM1gEaPQBiAEBmAEzuAEXyAEM2AED6AEB-AEBiAIBqAIBuAK78OPGBsACAdICJDg2NTdiNzM2LTFhYTYtNDAzNC1hZmUyLWRiYzA1ZDFiZDJlN9gCAeACAQ&aid=304142&ucfs=1&arphpl=1&checkin=2025-10-06&checkout=2025-10-07&dest_id=-3730078&dest_type=city&group_adults=2&req_adults=2&no_rooms=1&group_children=0&req_children=0&hpos=16&hapos=666&sr_order=popularity&srpvid=c9c22701b19e018c&srepoch=1759469859&all_sr_blocks=1302609701_404639394_2_0_0_731814&highlighted_blocks=1302609701_404639394_2_0_0_731814&matching_block_id=1302609701_404639394_2_0_0_731814&sr_pri_blocks=1302609701_404639394_2_0_0_731814_140000000&from=searchresults
Châu Bảo An Homestay,HUE,12460000,"Mon, Oct 6","Tue, Oct 7",8.5,0,Hue,42,Very good,https://www.booking.com/hotel/vn/chau-bao-an-homestay.html?label=gen173nr-10CAEoggI46AdIM1gEaPQBiAEBmAEzuAEXyAEM2AED6AEB-AEBiAIBqAIBuAK78OPGBsACAdICJDg2NTdiNzM2LTFhYTYtNDAzNC1hZmUyLWRiYzA1ZDFiZDJlN9gCAeACAQ&aid=304142&ucfs=1&arphpl=1&checkin=2025-10-06&checkout=2025-10-07&dest_id=-3715887&dest_type=city&group_adults=2&req_adults=2&no_rooms=1&group_children=0&req_children=0&hpos=4&hapos=421&sr_order=popularity&srpvid=7ee339dd707602b5&srepoch=1759479383&all_sr_blocks=1296724902_408500669_2_0_0_709456&highlighted_blocks=1296724902_408500669_2_0_0_709456&matching_block_id=1296724902_408500669_2_0_0_709456&sr_pri_blocks=1296724902_408500669_2_0_0_709456_461020000&from=searchresults
L'Alya Ninh Van Bay,KHANHHOA,11390400,"Mon, Oct 20","Tue, Oct 21",9.300000191,5,Ninh Van Bay,132,Wonderful,https://www.booking.com/hotel/vn/lalyana-ninh-van-bay.html?label=gen173nr-10CAEoggI46AdIM1gEaPQBiAEBmAEzuAEXyAEM2AED6AEB-AEBiAIBqAIBuAKDhP_GBsACAdICJGQyODY0ZWNjLTZmM2YtNDdlNS04YTg0LWRjMzQ0OTYzYTNmMtgCAeACAQ&aid=304142&ucfs=1&arphpl=1&checkin=2025-10-20&checkout=2025-10-21&dest_id=5425&dest_type=region&group_adults=2&req_adults=2&no_rooms=1&group_children=0&req_children=0&hpos=12&hapos=38&sr_order=popularity&srpvid=c7fb5c09aa0902ab&srepoch=1759496733&all_sr_blocks=30691102_209119622_2_1_0_677651&highlighted_blocks=30691102_209119622_2_1_0_677651&matching_block_id=30691102_209119622_2_1_0_677651&sr_pri_blocks=30691102_209119622_2_1_0_677651_911232000&from=searchresults
Fusion Resort Cam Ranh - All Spa Inclusive,KHANHHOA,9531776,"Mon, Oct 27","Tue, Oct 28",9.5,5,Cam Ranh,305,Exceptional,https://www.booking.com/hotel/vn/fusion-resort-nha-trang.html?label=gen173nr-10CAEoggI46AdIM1gEaPQBiAEBmAEzuAEXyAEM2AED6AEB-AEBiAIBqAIBuAKDhP_GBsACAdICJGQyODY0ZWNjLTZmM2YtNDdlNS04YTg0LWRjMzQ0OTYzYTNmMtgCAeACAQ&aid=304142&ucfs=1&arphpl=1&checkin=2025-10-27&checkout=2025-10-28&dest_id=5425&dest_type=region&group_adults=2&req_adults=2&no_rooms=1&group_children=0&req_children=0&hpos=5&hapos=73&sr_order=popularity&srpvid=c7fb5c09aa0902ab&srepoch=1759496743&all_sr_blocks=132067501_414484208_2_1_0_662373&highlighted_blocks=132067501_414484208_2_1_0_662373&matching_block_id=132067501_414484208_2_1_0_662373&sr_pri_blocks=132067501_414484208_2_1_0_662373_714883200&from=searchresults
Phoenix Pool & Golf View Villa Cam Ranh,KHANHHOA,15615000,"Mon, Oct 27","Tue, Oct 28",9.399999619,5,Cam Ranh,6,Wonderful,https://www.booking.com/hotel/vn/phoenix-villa-cam-ranh-privatepool-allowpet-amp-bbq.html?label=gen173nr-10CAEoggI46AdIM1gEaPQBiAEBmAEzuAEXyAEM2AED6AEB-AEBiAIBqAIBuAKDhP_GBsACAdICJGQyODY0ZWNjLTZmM2YtNDdlNS04YTg0LWRjMzQ0OTYzYTNmMtgCAeACAQ&aid=304142&ucfs=1&arphpl=1&checkin=2025-10-27&checkout=2025-10-28&dest_id=5425&dest_type=region&group_adults=2&req_adults=2&no_rooms=1&group_children=0&req_children=0&hpos=5&hapos=214&sr_order=popularity&srpvid=c7fb5c09aa0902ab&srepoch=1759496796&all_sr_blocks=1266789201_402757203_6_0_0_626852&highlighted_blocks=1266789201_402757203_6_0_0_626852&matching_block_id=1266789201_402757203_6_0_0_626852&sr_pri_blocks=1266789201_402757203_6_0_0_626852_624600000&from=searchresults
"Villa Le Corail, A Gran Melia Hotel",KHANHHOA,9565778,"Mon, Oct 27","Tue, Oct 28",9.199999809,5,Nha Trang,127,Wonderful,https://www.booking.com/hotel/vn/villa-le-corail-a-gran-melia-hotel.html?label=gen173nr-10CAEoggI46AdIM1gEaPQBiAEBmAEzuAEXyAEM2AED6AEB-AEBiAIBqAIBuAKDhP_GBsACAdICJGQyODY0ZWNjLTZmM2YtNDdlNS04YTg0LWRjMzQ0OTYzYTNmMtgCAeACAQ&aid=304142&ucfs=1&arphpl=1&checkin=2025-10-27&checkout=2025-10-28&dest_id=5425&dest_type=region&group_adults=2&req_adults=2&no_rooms=1&group_children=0&req_children=0&hpos=3&hapos=261&sr_order=popularity&srpvid=c7fb5c09aa0902ab&srepoch=1759496814&all_sr_blocks=992341806_414063437_2_1_0_347996&highlighted_blocks=992341806_414063437_2_1_0_347996&matching_block_id=992341806_414063437_2_1_0_347996&sr_pri_blocks=992341806_414063437_2_1_0_347996_765262200&from=searchresults
Villa 3BR Beach Front,KHANHHOA,11000000,"Mon, Oct 27","Tue, Oct 28",3,4,Cam Lâm,2,Disappointing,https://www.booking.com/hotel/vn/villa-3br-beach-front.html?label=gen173nr-10CAEoggI46AdIM1gEaPQBiAEBmAEzuAEXyAEM2AED6AEB-AEBiAIBqAIBuAKDhP_GBsACAdICJGQyODY0ZWNjLTZmM2YtNDdlNS04YTg0LWRjMzQ0OTYzYTNmMtgCAeACAQ&aid=304142&ucfs=1&arphpl=1&checkin=2025-10-27&checkout=2025-10-28&dest_id=5425&dest_type=region&group_adults=2&req_adults=2&no_rooms=1&group_children=0&req_children=0&hpos=16&hapos=274&sr_order=popularity&srpvid=c7fb5c09aa0902ab&srepoch=1759496814&all_sr_blocks=1428493005_414468218_14_2_0&highlighted_blocks=1428493005_414468218_14_2_0&matching_block_id=1428493005_414468218_14_2_0&sr_pri_blocks=1428493005_414468218_14_2_0__1100000000&from=searchresults
Six Senses Ninh Van Bay,KHANHHOA,28967732,"Mon, Oct 27","Tue, Oct 28",9.199999809,5,Ninh Van Bay,75,Wonderful,https://www.booking.com/hotel/vn/six-senses-ninh-van-bay-vietnam.html?label=gen173nr-10CAEoggI46AdIM1gEaPQBiAEBmAEzuAEXyAEM2AED6AEB-AEBiAIBqAIBuAKDhP_GBsACAdICJGQyODY0ZWNjLTZmM2YtNDdlNS04YTg0LWRjMzQ0OTYzYTNmMtgCAeACAQ&aid=304142&ucfs=1&arphpl=1&checkin=2025-10-27&checkout=2025-10-28&dest_id=5425&dest_type=region&group_adults=2&req_adults=2&no_rooms=1&group_children=0&req_children=0&hpos=21&hapos=304&sr_order=popularity&srpvid=c7fb5c09aa0902ab&srepoch=1759496822&all_sr_blocks=25271501_121936780_0_1_0_823576&highlighted_blocks=25271501_121936780_0_1_0_823576&matching_block_id=25271501_121936780_0_1_0_823576&sr_pri_blocks=25271501_121936780_0_1_0_823576_2027741200&from_sustainable_property_sr=1&from=searchresults
Ocean Front Villa Nha Trang,KHANHHOA,28800000,"Mon, Dec 22","Tue, Dec 23",9.899999619,5,Nha Trang,12,Exceptional,https://www.booking.com/hotel/vn/ocean-front-villa-nha-trang.html?label=gen173nr-10CAEoggI46AdIM1gEaPQBiAEBmAEzuAEXyAEM2AED6AEB-AEBiAIBqAIBuAKDhP_GBsACAdICJGQyODY0ZWNjLTZmM2YtNDdlNS04YTg0LWRjMzQ0OTYzYTNmMtgCAeACAQ&aid=304142&ucfs=1&arphpl=1&checkin=2025-12-22&checkout=2025-12-23&dest_id=5425&dest_type=region&group_adults=2&req_adults=2&no_rooms=1&group_children=0&req_children=0&hpos=4&hapos=382&sr_order=popularity&srpvid=c7fb5c09aa0902ab&srepoch=1759496859&all_sr_blocks=1097324312_385244818_0_2_0_133389&highlighted_blocks=1097324312_385244818_0_2_0_133389&matching_block_id=1097324312_385244818_0_2_0_133389&sr_pri_blocks=1097324312_385244818_0_2_0_133389_1267200000&from=searchresults
Anh Nguyen Oceanfront Luxury Villas Nha Trang,KHANHHOA,27360000,"Mon, Dec 22","Tue, Dec 23",8.329636574,5,Nha Trang,4,Very good,https://www.booking.com/hotel/vn/anh-nguyen-oceanfront-luxury-villas-nha-trang.html?label=gen173nr-10CAEoggI46AdIM1gEaPQBiAEBmAEzuAEXyAEM2AED6AEB-AEBiAIBqAIBuAKDhP_GBsACAdICJGQyODY0ZWNjLTZmM2YtNDdlNS04YTg0LWRjMzQ0OTYzYTNmMtgCAeACAQ&aid=304142&ucfs=1&arphpl=1&checkin=2025-12-22&checkout=2025-12-23&dest_id=5425&dest_type=region&group_adults=2&req_adults=2&no_rooms=1&group_children=0&req_children=0&hpos=17&hapos=395&sr_order=popularity&srpvid=c7fb5c09aa0902ab&srepoch=1759496859&all_sr_blocks=1287735202_401823035_0_2_0_657675&highlighted_blocks=1287735202_401823035_0_2_0_657675&matching_block_id=1287735202_401823035_0_2_0_657675&sr_pri_blocks=1287735202_401823035_0_2_0_657675_1203840000&from=searchresults
Venity Villa Nha Trang,KHANHHOA,22800600,"Mon, Oct 20","Tue, Oct 21",9.699999809,5,Nha Trang,27,Exceptional,https://www.booking.com/hotel/vn/villa-venity.html?label=gen173nr-10CAEoggI46AdIM1gEaPQBiAEBmAEzuAEXyAEM2AED6AEB-AEBiAIBqAIBuAKDhP_GBsACAdICJGQyODY0ZWNjLTZmM2YtNDdlNS04YTg0LWRjMzQ0OTYzYTNmMtgCAeACAQ&aid=304142&ucfs=1&arphpl=1&checkin=2025-10-20&checkout=2025-10-21&dest_id=5425&dest_type=region&group_adults=2&req_adults=2&no_rooms=1&group_children=0&req_children=0&hpos=13&hapos=416&sr_order=popularity&srpvid=c7fb5c09aa0902ab&srepoch=1759496868&all_sr_blocks=377649701_392415409_8_2_0&highlighted_blocks=377649701_392415409_8_2_0&matching_block_id=377649701_392415409_8_2_0&sr_pri_blocks=377649701_392415409_8_2_0__1527640200&from=searchresults
Harbor View Villa,KHANHHOA,18750000,"Mon, Nov 3","Tue, Nov 4",8.329636574,0,Nha Trang,9,Very good,https://www.booking.com/hotel/vn/harbor-view-villa.html?label=gen173nr-10CAEoggI46AdIM1gEaPQBiAEBmAEzuAEXyAEM2AED6AEB-AEBiAIBqAIBuAKDhP_GBsACAdICJGQyODY0ZWNjLTZmM2YtNDdlNS04YTg0LWRjMzQ0OTYzYTNmMtgCAeACAQ&aid=304142&ucfs=1&arphpl=1&checkin=2025-11-03&checkout=2025-11-04&dest_id=5425&dest_type=region&group_adults=2&req_adults=2&no_rooms=1&group_children=0&req_children=0&hpos=10&hapos=508&sr_order=popularity&srpvid=c7fb5c09aa0902ab&srepoch=1759496908&all_sr_blocks=302154901_242406261_11_2_0&highlighted_blocks=302154901_242406261_11_2_0&matching_block_id=302154901_242406261_11_2_0&sr_pri_blocks=302154901_242406261_11_2_0__1875000000&from=searchresults
Acqua Villa Nha Trang Managed by Alternaty,NHATRANG,18037800,"Mon, Dec 8","Tue, Dec 9",9,4,Nha Trang,79,Wonderful,https://www.booking.com/hotel/vn/acqua-villa-nha-trang.html?label=gen173nr-10CAEoggI46AdIM1gEaPQBiAEBmAEzuAEXyAEM2AED6AEB-AEBiAIBqAIBuAKO-v7GBsACAdICJDc3MmRkOGViLWU3MzAtNDgwNS04MWFlLTJiMzYxNTZmOGFlYdgCAeACAQ&aid=304142&ucfs=1&arphpl=1&checkin=2025-12-08&checkout=2025-12-09&dest_id=-3723998&dest_type=city&group_adults=2&req_adults=2&no_rooms=1&group_children=0&req_children=0&hpos=20&hapos=265&sr_order=popularity&srpvid=7ed955feb8500637&srepoch=1759493716&all_sr_blocks=123889705_419759126_0_0_0&highlighted_blocks=123889705_419759126_0_0_0&matching_block_id=123889705_419759126_0_0_0&sr_pri_blocks=123889705_419759126_0_0_0__1443024000&from=searchresults
Ocean Front Villa Nha Trang,NHATRANG,28800000,"Mon, Nov 3","Tue, Nov 4",9.899999619,5,Nha Trang,12,Exceptional,https://www.booking.com/hotel/vn/ocean-front-villa-nha-trang.html?label=gen173nr-10CAEoggI46AdIM1gEaPQBiAEBmAEzuAEXyAEM2AED6AEB-AEBiAIBqAIBuAKO-v7GBsACAdICJDc3MmRkOGViLWU3MzAtNDgwNS04MWFlLTJiMzYxNTZmOGFlYdgCAeACAQ&aid=304142&ucfs=1&arphpl=1&checkin=2025-11-03&checkout=2025-11-04&dest_id=-3723998&dest_type=city&group_adults=2&req_adults=2&no_rooms=1&group_children=0&req_children=0&hpos=23&hapos=290&sr_order=popularity&srpvid=7ed955feb8500637&srepoch=1759493725&all_sr_blocks=1097324312_385244818_0_2_0_133389&highlighted_blocks=1097324312_385244818_0_2_0_133389&matching_block_id=1097324312_385244818_0_2_0_133389&sr_pri_blocks=1097324312_385244818_0_2_0_133389_1267200000&from=searchresults
Anh Nguyen Oceanfront Luxury Villas Nha Trang,NHATRANG,27360000,"Mon, Nov 3","Tue, Nov 4",8.329636574,5,Nha Trang,4,Very good,https://www.booking.com/hotel/vn/anh-nguyen-oceanfront-luxury-villas-nha-trang.html?label=gen173nr-10CAEoggI46AdIM1gEaPQBiAEBmAEzuAEXyAEM2AED6AEB-AEBiAIBqAIBuAKO-v7GBsACAdICJDc3MmRkOGViLWU3MzAtNDgwNS04MWFlLTJiMzYxNTZmOGFlYdgCAeACAQ&aid=304142&ucfs=1&arphpl=1&checkin=2025-11-03&checkout=2025-11-04&dest_id=-3723998&dest_type=city&group_adults=2&req_adults=2&no_rooms=1&group_children=0&req_children=0&hpos=11&hapos=301&sr_order=popularity&srpvid=7ed955feb8500637&srepoch=1759493734&all_sr_blocks=1287735202_401823035_0_2_0_657675&highlighted_blocks=1287735202_401823035_0_2_0_657675&matching_block_id=1287735202_401823035_0_2_0_657675&sr_pri_blocks=1287735202_401823035_0_2_0_657675_1203840000&from=searchresults
Venity Villa Nha Trang,NHATRANG,22800600,"Mon, Oct 20","Tue, Oct 21",9.699999809,5,Nha Trang,27,Exceptional,https://www.booking.com/hotel/vn/villa-venity.html?label=gen173nr-10CAEoggI46AdIM1gEaPQBiAEBmAEzuAEXyAEM2AED6AEB-AEBiAIBqAIBuAKO-v7GBsACAdICJDc3MmRkOGViLWU3MzAtNDgwNS04MWFlLTJiMzYxNTZmOGFlYdgCAeACAQ&aid=304142&ucfs=1&arphpl=1&checkin=2025-10-20&checkout=2025-10-21&dest_id=-3723998&dest_type=city&group_adults=2&req_adults=2&no_rooms=1&group_children=0&req_children=0&hpos=4&hapos=317&sr_order=popularity&srpvid=7ed955feb8500637&srepoch=1759493743&all_sr_blocks=377649701_392415409_8_2_0&highlighted_blocks=377649701_392415409_8_2_0&matching_block_id=377649701_392415409_8_2_0&sr_pri_blocks=377649701_392415409_8_2_0__1527640200&from=searchresults
Harbor View Villa,NHATRANG,18750000,"Mon, Oct 20","Tue, Oct 21",8.329636574,0,Nha Trang,9,Very good,https://www.booking.com/hotel/vn/harbor-view-villa.html?label=gen173nr-10CAEoggI46AdIM1gEaPQBiAEBmAEzuAEXyAEM2AED6AEB-AEBiAIBqAIBuAKO-v7GBsACAdICJDc3MmRkOGViLWU3MzAtNDgwNS04MWFlLTJiMzYxNTZmOGFlYdgCAeACAQ&aid=304142&ucfs=1&arphpl=1&checkin=2025-10-20&checkout=2025-10-21&dest_id=-3723998&dest_type=city&group_adults=2&req_adults=2&no_rooms=1&group_children=0&req_children=0&hpos=14&hapos=396&sr_order=popularity&srpvid=7ed955feb8500637&srepoch=1759493771&all_sr_blocks=302154901_242406261_11_2_0&highlighted_blocks=302154901_242406261_11_2_0&matching_block_id=302154901_242406261_11_2_0&sr_pri_blocks=302154901_242406261_11_2_0__1875000000&from=searchresults
Villa - Biệt Thự Nghỉ Dưỡng Nha Trang,NHATRANG,12600000,"Mon, Oct 6","Tue, Oct 7",1,3,Nha Trang,79,Bad,https://www.booking.com/hotel/vn/villa-biet-thu-nghi-duong-nha-trang.html?label=gen173nr-10CAEoggI46AdIM1gEaPQBiAEBmAEzuAEXyAEM2AED6AEB-AEBiAIBqAIBuAKO-v7GBsACAdICJDc3MmRkOGViLWU3MzAtNDgwNS04MWFlLTJiMzYxNTZmOGFlYdgCAeACAQ&aid=304142&ucfs=1&arphpl=1&checkin=2025-10-06&checkout=2025-10-07&dest_id=-3723998&dest_type=city&group_adults=2&req_adults=2&no_rooms=1&group_children=0&req_children=0&hpos=22&hapos=519&sr_order=popularity&srpvid=7ed955feb8500637&srepoch=1759493816&all_sr_blocks=1192476701_392089038_10_0_0&highlighted_blocks=1192476701_392089038_10_0_0&matching_block_id=1192476701_392089038_10_0_0&sr_pri_blocks=1192476701_392089038_10_0_0__1260000000&from=searchresults
Benzen Villas Nha Trang,NHATRANG,66640000,"Mon, Oct 6","Tue, Oct 7",7.5,0,Nha Trang,2,Good,https://www.booking.com/hotel/vn/thiet-bi-do-dung.html?label=gen173nr-10CAEoggI46AdIM1gEaPQBiAEBmAEzuAEXyAEM2AED6AEB-AEBiAIBqAIBuAKO-v7GBsACAdICJDc3MmRkOGViLWU3MzAtNDgwNS04MWFlLTJiMzYxNTZmOGFlYdgCAeACAQ&aid=304142&ucfs=1&arphpl=1&checkin=2025-10-06&checkout=2025-10-07&dest_id=-3723998&dest_type=city&group_adults=2&req_adults=2&no_rooms=1&group_children=0&req_children=0&hpos=3&hapos=523&sr_order=popularity&srpvid=7ed955feb8500637&srepoch=1759493825&all_sr_blocks=1051900007_395435683_13_0_0_775796&highlighted_blocks=1051900007_395435683_13_0_0_775796&matching_block_id=1051900007_395435683_13_0_0_775796&sr_pri_blocks=1051900007_395435683_13_0_0_775796_5331200000&from=searchresults
RUBY LUXURY VILLA Ocean View by NEST GROUP,NHATRANG,27000000,"Mon, Oct 13","Tue, Oct 14",8.329636574,5,Nha Trang,79,Very good,https://www.booking.com/hotel/vn/ruby-luxury-apartment.html?label=gen173nr-10CAEoggI46AdIM1gEaPQBiAEBmAEzuAEXyAEM2AED6AEB-AEBiAIBqAIBuAKO-v7GBsACAdICJDc3MmRkOGViLWU3MzAtNDgwNS04MWFlLTJiMzYxNTZmOGFlYdgCAeACAQ&aid=304142&ucfs=1&arphpl=1&checkin=2025-10-13&checkout=2025-10-14&dest_id=-3723998&dest_type=city&group_adults=2&req_adults=2&no_rooms=1&group_children=0&req_children=0&hpos=10&hapos=530&sr_order=popularity&srpvid=7ed955feb8500637&srepoch=1759493825&all_sr_blocks=143152505_123749005_0_0_0&highlighted_blocks=143152505_123749005_0_0_0&matching_block_id=143152505_123749005_0_0_0&sr_pri_blocks=143152505_123749005_0_0_0__2700000000&from=searchresults
ABC Villa Nha Trang,NHATRANG,13770000,"Mon, Oct 6","Tue, Oct 7",2,0,Nha Trang,79,Disappointing,https://www.booking.com/hotel/vn/abc-villa-nha-trang.html?label=gen173nr-10CAEoggI46AdIM1gEaPQBiAEBmAEzuAEXyAEM2AED6AEB-AEBiAIBqAIBuAKO-v7GBsACAdICJDc3MmRkOGViLWU3MzAtNDgwNS04MWFlLTJiMzYxNTZmOGFlYdgCAeACAQ&aid=304142&ucfs=1&arphpl=1&checkin=2025-10-06&checkout=2025-10-07&dest_id=-3723998&dest_type=city&group_adults=2&req_adults=2&no_rooms=1&group_children=0&req_children=0&hpos=11&hapos=579&sr_order=popularity&srpvid=7ed955feb8500637&srepoch=1759493844&all_sr_blocks=1430510301_414607424_7_0_0&highlighted_blocks=1430510301_414607424_7_0_0&matching_block_id=1430510301_414607424_7_0_0&sr_pri_blocks=1430510301_414607424_7_0_0__1377000000&from=searchresults
Promotion Early Booker Ocean Front Villa 500m2 with 4 bedrooms and swimming pool,NHATRANG,14863000,"Mon, Oct 20","Tue, Oct 21",8.329636574,4,Nha Trang,12,Very good,https://www.booking.com/hotel/vn/ocean-front-villa-nha-trang-500m2-with-4-bedrooms-and-swimming-pool.html?label=gen173nr-10CAEoggI46AdIM1gEaPQBiAEBmAEzuAEXyAEM2AED6AEB-AEBiAIBqAIBuAKO-v7GBsACAdICJDc3MmRkOGViLWU3MzAtNDgwNS04MWFlLTJiMzYxNTZmOGFlYdgCAeACAQ&aid=304142&ucfs=1&arphpl=1&checkin=2025-10-20&checkout=2025-10-21&dest_id=-3723998&dest_type=city&group_adults=2&req_adults=2&no_rooms=1&group_children=0&req_children=0&hpos=21&hapos=589&sr_order=popularity&srpvid=7ed955feb8500637&srepoch=1759493844&all_sr_blocks=1098892601_385000329_8_2_0_185301&highlighted_blocks=1098892601_385000329_8_2_0_185301&matching_block_id=1098892601_385000329_8_2_0_185301&sr_pri_blocks=1098892601_385000329_8_2_0_185301_1486300000&from=searchresults
Valentine Villa Nha Trang B8,NHATRANG,16150000,"Mon, Oct 6","Tue, Oct 7",6.199999809,3,Nha Trang,6,Pleasant,https://www.booking.com/hotel/vn/valentine-villa-nha-trang-1.html?label=gen173nr-10CAEoggI46AdIM1gEaPQBiAEBmAEzuAEXyAEM2AED6AEB-AEBiAIBqAIBuAKO-v7GBsACAdICJDc3MmRkOGViLWU3MzAtNDgwNS04MWFlLTJiMzYxNTZmOGFlYdgCAeACAQ&aid=304142&ucfs=1&arphpl=1&checkin=2025-10-06&checkout=2025-10-07&dest_id=-3723998&dest_type=city&group_adults=2&req_adults=2&no_rooms=1&group_children=0&req_children=0&hpos=21&hapos=635&sr_order=popularity&srpvid=7ed955feb8500637&srepoch=1759493864&all_sr_blocks=921411801_366108917_7_0_0&highlighted_blocks=921411801_366108917_7_0_0&matching_block_id=921411801_366108917_7_0_0&sr_pri_blocks=921411801_366108917_7_0_0__1615000000&from=searchresults
Hapier Villa,NHATRANG,12150000,"Mon, Oct 6","Tue, Oct 7",8.199999809,5,Nha Trang,5,Very good,https://www.booking.com/hotel/vn/happier-villa.html?label=gen173nr-10CAEoggI46AdIM1gEaPQBiAEBmAEzuAEXyAEM2AED6AEB-AEBiAIBqAIBuAKO-v7GBsACAdICJDc3MmRkOGViLWU3MzAtNDgwNS04MWFlLTJiMzYxNTZmOGFlYdgCAeACAQ&aid=304142&ucfs=1&arphpl=1&checkin=2025-10-06&checkout=2025-10-07&dest_id=-3723998&dest_type=city&group_adults=2&req_adults=2&no_rooms=1&group_children=0&req_children=0&hpos=17&hapos=654&sr_order=popularity&srpvid=7ed955feb8500637&srepoch=1759493874&all_sr_blocks=204274101_121941618_8_0_0&highlighted_blocks=204274101_121941618_8_0_0&matching_block_id=204274101_121941618_8_0_0&sr_pri_blocks=204274101_121941618_8_0_0__1215000000&from=searchresults
Ocean Beach Villa Nha Trang,NHATRANG,31008000,"Mon, Nov 3","Tue, Nov 4",8.5,5,Nha Trang,2,Very good,https://www.booking.com/hotel/vn/ocean-beach-villa-nha-trang.html?label=gen173nr-10CAEoggI46AdIM1gEaPQBiAEBmAEzuAEXyAEM2AED6AEB-AEBiAIBqAIBuAKO-v7GBsACAdICJDc3MmRkOGViLWU3MzAtNDgwNS04MWFlLTJiMzYxNTZmOGFlYdgCAeACAQ&aid=304142&ucfs=1&arphpl=1&checkin=2025-11-03&checkout=2025-11-04&dest_id=-3723998&dest_type=city&group_adults=2&req_adults=2&no_rooms=1&group_children=0&req_children=0&hpos=17&hapos=677&sr_order=popularity&srpvid=7ed955feb8500637&srepoch=1759493884&all_sr_blocks=1201923407_409452699_0_2_0_412937&highlighted_blocks=1201923407_409452699_0_2_0_412937&matching_block_id=1201923407_409452699_0_2_0_412937&sr_pri_blocks=1201923407_409452699_0_2_0_412937_1767456000&from=searchresults
TerraCotta Beachfront Villa Phan Thiet,PHANTHIET,15003000,"Mon, Oct 13","Tue, Oct 14",8.329636574,4,Phan Thiet,79,Very good,https://www.booking.com/hotel/vn/terracotta-beachfront-villa-phan-thiet.html?label=gen173nr-10CAEoggI46AdIM1gEaPQBiAEBmAEzuAEXyAEM2AED6AEB-AEBiAIBqAIBuAKKkYfHBsACAdICJDYxMmIyNDg4LTlmNjAtNDA3Ny05MjhlLTk0MDY2MGU3NzkzOdgCAeACAQ&aid=304142&ucfs=1&arphpl=1&checkin=2025-10-13&checkout=2025-10-14&dest_id=-3725092&dest_type=city&group_adults=2&req_adults=2&no_rooms=1&group_children=0&req_children=0&hpos=19&hapos=44&sr_order=popularity&srpvid=f0df09e085f2017c&srepoch=1759627466&all_sr_blocks=1161792701_388861026_18_0_0&highlighted_blocks=1161792701_388861026_18_0_0&matching_block_id=1161792701_388861026_18_0_0&sr_pri_blocks=1161792701_388861026_18_0_0__900180000&from=searchresults
Lang Chai Beachfront Villa Phan Thiet,PHANTHIET,9705600,"Mon, Oct 13","Tue, Oct 14",8.329636574,4,Phan Thiet,79,Very good,https://www.booking.com/hotel/vn/lang-chai-villa-true-beachfront-4-bedrooms-w-pool.html?label=gen173nr-10CAEoggI46AdIM1gEaPQBiAEBmAEzuAEXyAEM2AED6AEB-AEBiAIBqAIBuAKKkYfHBsACAdICJDYxMmIyNDg4LTlmNjAtNDA3Ny05MjhlLTk0MDY2MGU3NzkzOdgCAeACAQ&aid=304142&ucfs=1&arphpl=1&checkin=2025-10-13&checkout=2025-10-14&dest_id=-3725092&dest_type=city&group_adults=2&req_adults=2&no_rooms=1&group_children=0&req_children=0&hpos=3&hapos=48&sr_order=popularity&srpvid=f0df09e085f2017c&srepoch=1759627468&all_sr_blocks=1161683301_388851329_10_0_0&highlighted_blocks=1161683301_388851329_10_0_0&matching_block_id=1161683301_388851329_10_0_0&sr_pri_blocks=1161683301_388851329_10_0_0__582336000&from=searchresults
Thái An Homestay,PHANTHIET,24978000,"Mon, Oct 6","Tue, Oct 7",8.329636574,0,Phan Thiet,79,Very good,https://www.booking.com/hotel/vn/hien-homestay-tinh-lam-dong.html?label=gen173nr-10CAEoggI46AdIM1gEaPQBiAEBmAEzuAEXyAEM2AED6AEB-AEBiAIBqAIBuAKKkYfHBsACAdICJDYxMmIyNDg4LTlmNjAtNDA3Ny05MjhlLTk0MDY2MGU3NzkzOdgCAeACAQ&aid=304142&ucfs=1&arphpl=1&checkin=2025-10-06&checkout=2025-10-07&dest_id=-3725092&dest_type=city&group_adults=2&req_adults=2&no_rooms=1&group_children=0&req_children=0&hpos=19&hapos=113&sr_order=popularity&srpvid=f0df09e085f2017c&srepoch=1759627480&all_sr_blocks=1484785101_420296462_25_0_0&highlighted_blocks=1484785101_420296462_25_0_0&matching_block_id=1484785101_420296462_25_0_0&sr_pri_blocks=1484785101_420296462_25_0_0__774318000&from=searchresults
Phan Thiet Beachfront Garden Villa,PHANTHIET,12777778,"Mon, Oct 6","Tue, Oct 7",8.329636574,0,Phan Thiet,79,Very good,https://www.booking.com/hotel/vn/phan-thiet-beachfront-garden-villa.html?label=gen173nr-10CAEoggI46AdIM1gEaPQBiAEBmAEzuAEXyAEM2AED6AEB-AEBiAIBqAIBuAKKkYfHBsACAdICJDYxMmIyNDg4LTlmNjAtNDA3Ny05MjhlLTk0MDY2MGU3NzkzOdgCAeACAQ&aid=304142&ucfs=1&arphpl=1&checkin=2025-10-06&checkout=2025-10-07&dest_id=-3725092&dest_type=city&group_adults=2&req_adults=2&no_rooms=1&group_children=0&req_children=0&hpos=18&hapos=212&sr_order=popularity&srpvid=f0df09e085f2017c&srepoch=1759627516&all_sr_blocks=1384798901_410522489_16_0_0&highlighted_blocks=1384798901_410522489_16_0_0&matching_block_id=1384798901_410522489_16_0_0&sr_pri_blocks=1384798901_410522489_16_0_0__894444500&from=searchresults
Sarene Lumiere Riverside Thao Dien,HCM,21200000,"Mon, Oct 6","Tue, Oct 7",8.600000381,4,"An Phu, Ho Chi Minh City",15,Excellent,https://www.booking.com/hotel/vn/sarene-riverside-thao-dien.html?label=gen173nr-10CAEoggI46AdIM1gEaPQBiAEBmAEzuAEXyAEM2AED6AEB-AEBiAIBqAIBuAK78OPGBsACAdICJDg2NTdiNzM2LTFhYTYtNDAzNC1hZmUyLWRiYzA1ZDFiZDJlN9gCAeACAQ&aid=304142&ucfs=1&arphpl=1&checkin=2025-10-06&checkout=2025-10-07&dest_id=-3730078&dest_type=city&group_adults=2&req_adults=2&no_rooms=1&group_children=0&req_children=0&hpos=3&hapos=29&sr_order=popularity&srpvid=c9c22701b19e018c&srepoch=1759469577&all_sr_blocks=1358245101_411421529_2_0_0_842156&highlighted_blocks=1358245101_411421529_2_0_0_842156&matching_block_id=1358245101_411421529_2_0_0_842156&sr_pri_blocks=1358245101_411421529_2_0_0_842156_169600000&from=searchresults
Lumiere Horizon Suites,HCM,10350000,"Mon, Oct 6","Tue, Oct 7",9.300000191,5,"An Phu, Ho Chi Minh City",26,Wonderful,https://www.booking.com/hotel/vn/lumiere-horizon-suites.html?label=gen173nr-10CAEoggI46AdIM1gEaPQBiAEBmAEzuAEXyAEM2AED6AEB-AEBiAIBqAIBuAK78OPGBsACAdICJDg2NTdiNzM2LTFhYTYtNDAzNC1hZmUyLWRiYzA1ZDFiZDJlN9gCAeACAQ&aid=304142&ucfs=1&arphpl=1&checkin=2025-10-06&checkout=2025-10-07&dest_id=-3730078&dest_type=city&group_adults=2&req_adults=2&no_rooms=1&group_children=0&req_children=0&hpos=3&hapos=79&sr_order=popularity&srpvid=c9c22701b19e018c&srepoch=1759469584&all_sr_blocks=1448146001_416213308_2_0_0&highlighted_blocks=1448146001_416213308_2_0_0&matching_block_id=1448146001_416213308_2_0_0&sr_pri_blocks=1448146001_416213308_2_0_0__175950000&from=searchresults
Landmark SkyView Premium Suite,HCM,11200000,"Mon, Oct 6","Tue, Oct 7",8.5,4,"Binh Thanh, Ho Chi Minh City (Hang Xanh)",11,Very good,https://www.booking.com/hotel/vn/landmark-skyview-premium-stay-binh-thanh.html?label=gen173nr-10CAEoggI46AdIM1gEaPQBiAEBmAEzuAEXyAEM2AED6AEB-AEBiAIBqAIBuAK78OPGBsACAdICJDg2NTdiNzM2LTFhYTYtNDAzNC1hZmUyLWRiYzA1ZDFiZDJlN9gCAeACAQ&aid=304142&ucfs=1&arphpl=1&checkin=2025-10-06&checkout=2025-10-07&dest_id=-3730078&dest_type=city&group_adults=2&req_adults=2&no_rooms=1&group_children=0&req_children=0&hpos=11&hapos=87&sr_order=popularity&srpvid=c9c22701b19e018c&srepoch=1759469584&all_sr_blocks=1461249701_417422367_2_0_0_1200586&highlighted_blocks=1461249701_417422367_2_0_0_1200586&matching_block_id=1461249701_417422367_2_0_0_1200586&sr_pri_blocks=1461249701_417422367_2_0_0_1200586_112000000&from=searchresults
The Regal Residence at Vinhomes,HCM,14200000,"Mon, Oct 6","Tue, Oct 7",8.399999619,4,"Binh Thanh, Ho Chi Minh City (Hang Xanh)",70,Very good,https://www.booking.com/hotel/vn/the-regal-residence-at-vinhomes.html?label=gen173nr-10CAEoggI46AdIM1gEaPQBiAEBmAEzuAEXyAEM2AED6AEB-AEBiAIBqAIBuAK78OPGBsACAdICJDg2NTdiNzM2LTFhYTYtNDAzNC1hZmUyLWRiYzA1ZDFiZDJlN9gCAeACAQ&aid=304142&ucfs=1&arphpl=1&checkin=2025-10-06&checkout=2025-10-07&dest_id=-3730078&dest_type=city&group_adults=2&req_adults=2&no_rooms=1&group_children=0&req_children=0&hpos=19&hapos=170&sr_order=popularity&srpvid=c9c22701b19e018c&srepoch=1759469614&all_sr_blocks=1427735501_414547199_2_0_0&highlighted_blocks=1427735501_414547199_2_0_0&matching_block_id=1427735501_414547199_2_0_0&sr_pri_blocks=1427735501_414547199_2_0_0__127800000&from=searchresults
